order_id,session_id,user_id,order_ts,payment_method,net_amount,total_items,distinct_products,average_rating,margin_proxy,top_category,category_mix
o0000001,s0000015,u000739,2026-01-12 14:51:51,upi,4095.09,5,3,4.233333333333333,1514.6399999999999,home,"{""books"": 1, ""home"": 3, ""sports"": 1}"
o0000002,s0000060,guest,2025-11-19 07:56:21,netbanking,4151.41,5,3,3.9,1331.65,sports,"{""books"": 2, ""fashion"": 1, ""sports"": 2}"
o0000003,s0000073,guest,2025-12-08 05:40:42,netbanking,6602.83,2,1,4.1,2100.1499999999996,books,"{""books"": 2}"
o0000004,s0000081,u001896,2025-12-09 11:00:54,wallet,1304.13,2,1,4.9,572.3600000000001,electronics,"{""electronics"": 2}"
o0000005,s0000084,u002032,2025-11-01 02:02:38,upi,12399.47,7,4,4.1,3880.209999999999,sports,"{""fashion"": 1, ""sports"": 6}"
o0000006,s0000099,u001732,2025-11-01 07:42:33,cod,14081.92,2,1,3.8,4473.58,beauty,"{""beauty"": 2}"
o0000007,s0000108,u000900,2025-10-25 19:37:15,card,7887.78,6,3,4.3999999999999995,2471.5999999999995,fashion,"{""beauty"": 1, ""fashion"": 5}"
o0000008,s0000129,u000899,2026-01-11 12:40:27,netbanking,4367.9,4,2,3.9000000000000004,1481.9599999999996,fashion,"{""fashion"": 3, ""sports"": 1}"
o0000009,s0000154,guest,2026-01-04 13:54:35,wallet,6504.65,4,2,3.8499999999999996,2541.3999999999996,beauty,"{""beauty"": 3, ""electronics"": 1}"
o0000010,s0000165,u000486,2025-12-15 13:59:08,wallet,7418.17,4,2,4.55,2909.6900000000005,fashion,"{""beauty"": 1, ""fashion"": 3}"
o0000011,s0000170,u000601,2025-10-26 20:08:08,card,4922.12,5,4,3.9,1692.7199999999998,sports,"{""electronics"": 1, ""fashion"": 2, ""sports"": 2}"
o0000012,s0000194,u001883,2025-12-27 19:04:46,card,5242.21,5,3,3.9,1418.7300000000005,beauty,"{""beauty"": 5}"
o0000013,s0000199,guest,2025-12-05 18:52:42,wallet,1098.6,1,1,4.2,270.3799999999999,books,"{""books"": 1}"
o0000014,s0000210,guest,2025-12-24 13:48:46,cod,5702.07,5,3,3.9333333333333336,2366.3599999999997,home,"{""home"": 4, ""sports"": 1}"
o0000015,s0000212,u002058,2025-12-14 08:53:35,upi,5862.93,6,3,3.9333333333333336,1668.0300000000007,fashion,"{""electronics"": 4, ""fashion"": 2}"
o0000016,s0000214,u000816,2025-12-09 17:08:41,card,11481.3,6,4,4.475,3543.5299999999997,sports,"{""electronics"": 1, ""sports"": 5}"
o0000017,s0000232,u001851,2025-10-30 01:24:17,card,9639.43,9,4,3.725,4034.76,home,"{""beauty"": 2, ""home"": 5, ""sports"": 2}"
o0000018,s0000233,u002028,2026-01-16 21:31:59,card,10736.71,6,3,4.233333333333333,4762.74,electronics,"{""beauty"": 2, ""electronics"": 4}"
o0000019,s0000253,u001569,2025-10-24 15:16:41,card,14234.04,8,3,4.1000000000000005,5109.060000000001,fashion,"{""books"": 3, ""fashion"": 3, ""home"": 2}"
o0000020,s0000367,u000257,2026-01-16 21:38:10,wallet,2335.03,2,1,5.0,911.3100000000002,electronics,"{""electronics"": 2}"
o0000021,s0000369,u000478,2025-12-04 00:18:37,upi,6767.06,5,2,4.15,2732.1400000000003,books,"{""books"": 3, ""sports"": 2}"
o0000022,s0000381,u001985,2026-01-01 11:04:40,cod,9146.39,8,4,4.0,3261.6399999999994,electronics,"{""books"": 1, ""electronics"": 4, ""sports"": 3}"
o0000023,s0000398,u001342,2025-12-20 11:41:33,card,2739.1,3,1,3.9,699.8199999999999,fashion,"{""fashion"": 3}"
o0000024,s0000418,u000554,2025-11-24 00:55:35,wallet,1905.19,2,1,4.1,932.85,beauty,"{""beauty"": 2}"
o0000025,s0000440,u002170,2025-12-03 23:15:39,netbanking,2139.67,2,1,3.4,715.73,electronics,"{""electronics"": 2}"
o0000026,s0000449,u001606,2026-01-03 17:32:43,upi,11545.97,6,4,3.95,4113.67,electronics,"{""beauty"": 1, ""electronics"": 5}"
o0000027,s0000459,u000962,2026-01-10 05:24:03,card,11456.85,8,4,3.775,5101.1,fashion,"{""books"": 1, ""fashion"": 4, ""sports"": 3}"
o0000028,s0000464,u000417,2025-12-04 08:06:09,upi,9699.6,3,1,4.9,4255.9800000000005,fashion,"{""fashion"": 3}"
o0000029,s0000472,guest,2025-10-31 03:23:27,upi,11333.75,11,4,4.3,5497.38,sports,"{""electronics"": 3, ""sports"": 8}"
o0000030,s0000476,u001922,2026-01-09 19:08:10,netbanking,3676.69,2,2,4.1,1184.04,sports,"{""fashion"": 1, ""sports"": 1}"
o0000031,s0000489,guest,2025-12-15 07:27:34,upi,10681.04,6,2,3.7,3766.460000000001,sports,"{""beauty"": 3, ""sports"": 3}"
o0000032,s0000492,u000574,2025-10-25 11:05:02,wallet,9084.09,6,4,4.3,2467.5200000000013,fashion,"{""beauty"": 1, ""books"": 1, ""fashion"": 3, ""home"": 1}"
o0000033,s0000513,u000891,2025-12-11 14:31:30,upi,11887.53,6,4,4.125,4862.990000000001,fashion,"{""beauty"": 1, ""electronics"": 1, ""fashion"": 2, ""sports"": 2}"
o0000034,s0000523,guest,2025-12-11 00:54:47,wallet,940.97,1,1,3.1,204.73000000000008,beauty,"{""beauty"": 1}"
o0000035,s0000531,u001231,2025-12-24 02:38:13,cod,10674.22,8,4,4.275,2795.279999999999,home,"{""books"": 3, ""home"": 4, ""sports"": 1}"
o0000036,s0000544,u001066,2026-01-03 07:44:32,netbanking,1293.74,1,1,4.1,345.83000000000004,electronics,"{""electronics"": 1}"
o0000037,s0000561,u000486,2025-11-18 20:49:30,cod,17711.86,9,4,4.175,6309.740000000002,sports,"{""beauty"": 4, ""electronics"": 2, ""sports"": 3}"
o0000038,s0000572,u000269,2025-11-17 12:31:43,upi,14770.29,7,4,3.975,6230.07,home,"{""books"": 2, ""electronics"": 1, ""home"": 4}"
o0000039,s0000597,guest,2025-11-01 18:22:05,cod,1124.88,2,1,3.7,222.18000000000006,books,"{""books"": 2}"
o0000040,s0000607,u000040,2026-01-18 07:26:40,cod,7716.68,5,3,4.233333333333333,1905.9400000000005,books,"{""beauty"": 1, ""books"": 3, ""fashion"": 1}"
o0000041,s0000634,u001498,2025-11-11 16:13:32,upi,3465.1,3,3,4.166666666666667,1396.94,sports,"{""beauty"": 1, ""sports"": 2}"
o0000042,s0000636,u000205,2025-11-23 19:54:59,card,3467.37,3,2,3.75,1387.33,home,"{""home"": 2, ""sports"": 1}"
o0000043,s0000648,u001360,2025-12-29 22:15:01,upi,2991.33,2,1,4.4,1021.1499999999999,electronics,"{""electronics"": 2}"
o0000044,s0000652,guest,2025-11-25 16:31:09,wallet,5891.3,4,3,4.233333333333333,2326.71,books,"{""books"": 1, ""electronics"": 1, ""sports"": 2}"
o0000045,s0000656,u001888,2025-11-22 18:55:38,upi,3920.69,4,3,4.066666666666666,1800.0800000000004,beauty,"{""beauty"": 1, ""books"": 1, ""electronics"": 2}"
o0000046,s0000667,u001953,2025-12-24 07:02:29,upi,19708.12,11,4,4.2,6789.65,sports,"{""fashion"": 3, ""sports"": 8}"
o0000047,s0000681,u000749,2025-11-12 10:51:02,netbanking,7249.5,7,3,4.466666666666667,2604.2299999999996,books,"{""books"": 3, ""home"": 2, ""sports"": 2}"
o0000048,s0000689,guest,2025-12-15 17:33:57,upi,1901.93,2,1,4.2,953.0500000000001,electronics,"{""electronics"": 2}"
o0000049,s0000692,u001298,2025-12-29 03:39:24,cod,2583.18,2,2,3.75,933.52,electronics,"{""electronics"": 1, ""sports"": 1}"
o0000050,s0000726,u001182,2025-10-23 01:14:39,netbanking,7457.12,6,3,3.9333333333333336,2143.84,electronics,"{""books"": 2, ""electronics"": 4}"
o0000051,s0000730,u000731,2025-11-28 14:04:43,card,12339.29,7,4,3.6,4394.260000000001,sports,"{""books"": 1, ""home"": 4, ""sports"": 2}"
o0000052,s0000732,u000746,2025-12-15 22:29:17,wallet,7289.84,6,3,4.3999999999999995,2223.08,books,"{""beauty"": 2, ""books"": 2, ""electronics"": 2}"
o0000053,s0000745,u001245,2026-01-11 14:28:36,wallet,5818.96,4,2,4.35,1521.04,electronics,"{""electronics"": 4}"
o0000054,s0000752,u001955,2025-12-09 11:25:16,card,6529.52,3,3,4.366666666666666,2253.4800000000005,beauty,"{""beauty"": 2, ""electronics"": 1}"
o0000055,s0000776,u001280,2025-12-02 13:27:00,netbanking,7166.76,5,3,4.133333333333334,1951.7299999999996,sports,"{""beauty"": 1, ""books"": 2, ""sports"": 2}"
o0000056,s0000782,u000505,2025-11-26 05:37:11,netbanking,5665.6,5,4,4.0,2374.5300000000007,electronics,"{""books"": 1, ""electronics"": 1, ""fashion"": 1, ""home"": 2}"
o0000057,s0000785,guest,2025-11-29 11:38:49,card,3080.61,2,2,4.05,1068.06,books,"{""books"": 1, ""fashion"": 1}"
o0000058,s0000792,u000653,2025-11-13 23:23:15,cod,8296.52,6,3,4.066666666666666,2970.42,books,"{""books"": 4, ""fashion"": 2}"
o0000059,s0000795,u002141,2025-10-27 16:38:24,wallet,2361.02,2,2,4.25,895.3499999999999,electronics,"{""electronics"": 2}"
o0000060,s0000800,u000123,2026-01-14 22:52:55,card,13081.56,5,3,4.133333333333334,5184.44,beauty,"{""beauty"": 2, ""electronics"": 2, ""sports"": 1}"
o0000061,s0000815,u000165,2025-10-29 01:48:15,upi,8193.03,7,3,3.966666666666667,2311.330000000001,books,"{""books"": 3, ""electronics"": 4}"
o0000062,s0000832,u001834,2026-01-10 02:16:28,upi,2130.54,2,2,4.15,535.3400000000001,sports,"{""electronics"": 1, ""sports"": 1}"
o0000063,s0000838,u000797,2025-12-23 01:14:43,card,9006.1,5,2,3.6500000000000004,4003.6600000000008,electronics,"{""electronics"": 3, ""home"": 2}"
o0000064,s0000839,u000336,2025-10-27 07:54:50,upi,6946.98,4,2,4.05,3208.2999999999993,sports,"{""beauty"": 1, ""sports"": 3}"
o0000065,s0000852,u001473,2025-11-12 07:53:45,card,1489.0,3,1,4.5,704.33,fashion,"{""fashion"": 3}"
o0000066,s0000874,u001534,2025-11-06 03:28:19,wallet,4453.75,5,2,4.4,1617.77,fashion,"{""fashion"": 5}"
o0000067,s0000875,u001667,2026-01-04 06:37:16,card,3501.89,2,1,4.6,917.75,beauty,"{""beauty"": 2}"
o0000068,s0000876,guest,2025-11-19 15:58:49,cod,10031.69,8,4,4.325,3905.9900000000007,electronics,"{""books"": 3, ""electronics"": 3, ""fashion"": 2}"
o0000069,s0000929,guest,2025-11-30 02:41:21,netbanking,5898.83,4,2,4.35,2021.44,sports,"{""beauty"": 1, ""sports"": 3}"
o0000070,s0000940,u000622,2026-01-18 12:58:28,upi,8257.66,7,3,4.166666666666667,2203.039999999999,home,"{""home"": 5, ""sports"": 2}"
o0000071,s0000965,u000691,2025-12-28 18:50:26,wallet,2759.32,2,1,4.4,1345.9,home,"{""home"": 2}"
o0000072,s0000992,guest,2025-12-23 06:06:11,card,12965.67,3,2,3.75,5765.610000000001,books,"{""books"": 3}"
o0000073,s0000997,guest,2026-01-18 03:43:47,netbanking,11914.44,8,3,4.3,4212.910000000001,beauty,"{""beauty"": 5, ""fashion"": 3}"
o0000074,s0001005,u000470,2025-12-14 21:08:44,cod,4625.62,2,2,4.3,2057.9799999999996,beauty,"{""beauty"": 1, ""sports"": 1}"
o0000075,s0001011,guest,2025-12-20 17:10:01,upi,12167.11,7,3,4.166666666666667,4255.51,beauty,"{""beauty"": 1, ""electronics"": 3, ""sports"": 3}"
o0000076,s0001033,u001143,2026-01-19 07:29:04,card,8937.96,9,4,4.4,2912.9199999999983,sports,"{""beauty"": 3, ""home"": 3, ""sports"": 3}"
o0000077,s0001059,u001974,2025-11-14 07:34:30,card,11773.74,10,4,4.125,4673.799999999999,sports,"{""beauty"": 3, ""electronics"": 3, ""sports"": 4}"
o0000078,s0001076,u001573,2026-01-01 12:13:11,cod,4422.31,4,3,3.733333333333333,1069.3400000000001,beauty,"{""beauty"": 2, ""electronics"": 1, ""fashion"": 1}"
o0000079,s0001096,u001567,2025-10-24 04:01:01,upi,1519.18,3,1,3.6,696.49,home,"{""home"": 3}"
o0000080,s0001104,u001318,2025-11-06 22:24:34,card,3401.73,4,3,4.1000000000000005,1066.88,beauty,"{""beauty"": 2, ""electronics"": 1, ""home"": 1}"
o0000081,s0001107,u001266,2026-01-07 14:09:01,cod,9879.36,6,2,4.55,3538.050000000001,beauty,"{""beauty"": 3, ""books"": 3}"
o0000082,s0001143,u000564,2025-10-28 12:19:40,wallet,2076.32,3,1,4.1,460.7000000000003,electronics,"{""electronics"": 3}"
o0000083,s0001156,guest,2026-01-01 09:08:25,netbanking,5112.58,3,2,4.25,1916.58,sports,"{""beauty"": 2, ""sports"": 1}"
o0000084,s0001157,u001417,2025-12-06 00:34:26,card,646.36,1,1,3.0,251.29999999999998,sports,"{""sports"": 1}"
o0000085,s0001158,u000169,2025-12-01 04:26:15,upi,8054.48,7,3,4.233333333333333,4062.3399999999992,electronics,"{""electronics"": 4, ""home"": 3}"
o0000086,s0001166,u000019,2025-12-21 04:16:33,wallet,7555.56,4,2,4.15,2666.5600000000004,books,"{""books"": 4}"
o0000087,s0001177,u000796,2026-01-17 00:42:13,card,3255.34,4,2,4.300000000000001,1391.38,books,"{""books"": 2, ""fashion"": 2}"
o0000088,s0001182,u000638,2026-01-19 01:14:32,cod,14413.51,9,4,4.025,5178.210000000001,sports,"{""books"": 2, ""fashion"": 2, ""sports"": 5}"
o0000089,s0001187,u001006,2025-12-30 14:22:05,netbanking,10387.65,8,4,4.275,4492.09,sports,"{""electronics"": 1, ""fashion"": 3, ""sports"": 4}"
o0000090,s0001194,u000301,2025-12-07 08:05:12,upi,11005.11,7,4,4.3,3273.870000000001,books,"{""books"": 3, ""electronics"": 1, ""fashion"": 2, ""sports"": 1}"
o0000091,s0001195,u000481,2026-01-05 22:31:20,upi,10545.58,8,3,4.2,2678.34,books,"{""books"": 3, ""electronics"": 3, ""home"": 2}"
o0000092,s0001203,u001135,2026-01-16 00:54:05,cod,6656.83,4,2,4.2,2757.6400000000003,home,"{""fashion"": 1, ""home"": 3}"
o0000093,s0001206,u000616,2025-10-23 11:51:32,card,10674.12,6,3,4.1000000000000005,3747.370000000001,fashion,"{""electronics"": 2, ""fashion"": 4}"
o0000094,s0001216,u001583,2026-01-02 07:07:12,card,2146.61,4,2,4.35,826.0900000000001,beauty,"{""beauty"": 2, ""fashion"": 2}"
o0000095,s0001219,u000967,2025-12-14 01:58:09,upi,10745.41,7,3,4.366666666666667,3697.09,sports,"{""books"": 3, ""electronics"": 2, ""sports"": 2}"
o0000096,s0001237,u001411,2025-11-22 20:13:23,card,6190.75,6,2,3.95,1581.3999999999996,books,"{""books"": 3, ""home"": 3}"
o0000097,s0001266,u000013,2025-12-04 17:09:01,upi,5763.81,6,4,4.0,2234.51,home,"{""beauty"": 1, ""fashion"": 1, ""home"": 3, ""sports"": 1}"
o0000098,s0001285,u001276,2025-11-10 05:38:14,card,6076.4,4,3,4.133333333333333,1904.1799999999994,fashion,"{""electronics"": 1, ""fashion"": 2, ""sports"": 1}"
o0000099,s0001307,u001041,2026-01-11 06:13:20,upi,19970.042499999996,8,3,4.1000000000000005,-272.6675000000032,beauty,"{""beauty"": 3, ""books"": 2, ""fashion"": 3}"
o0000100,s0001324,u002192,2025-12-06 22:53:33,netbanking,6368.75,6,3,3.9,2718.42,sports,"{""books"": 4, ""sports"": 2}"
o0000101,s0001327,u000765,2025-12-22 04:54:50,upi,10667.23,9,4,3.675,3920.779999999999,sports,"{""fashion"": 2, ""sports"": 7}"
o0000102,s0001330,u000093,2026-01-16 07:19:58,upi,10516.94,6,3,4.333333333333333,4379.110000000001,sports,"{""beauty"": 2, ""books"": 1, ""sports"": 3}"
o0000103,s0001369,u002120,2025-12-12 08:27:41,upi,11571.41,9,4,4.25,4119.33,fashion,"{""beauty"": 4, ""fashion"": 3, ""sports"": 2}"
o0000104,s0001412,guest,2026-01-07 12:34:18,card,10343.95,5,2,4.5,3440.8700000000017,sports,"{""home"": 2, ""sports"": 3}"
o0000105,s0001421,u001831,2025-11-28 16:50:19,upi,6593.81,4,3,4.233333333333333,2415.3,home,"{""home"": 2, ""sports"": 2}"
o0000106,s0001431,u000067,2025-10-28 09:25:31,upi,14428.02,8,4,4.475,5762.730000000001,home,"{""electronics"": 3, ""fashion"": 2, ""home"": 3}"
o0000107,s0001444,u000568,2026-01-07 00:00:46,wallet,7149.39,4,2,4.05,2996.6100000000006,home,"{""electronics"": 2, ""home"": 2}"
o0000108,s0001446,u001495,2025-12-03 13:23:23,upi,8418.01,4,2,4.25,2266.4700000000003,fashion,"{""electronics"": 1, ""fashion"": 3}"
o0000109,s0001469,u001648,2025-12-25 04:54:21,upi,7689.0,2,1,3.6,3187.2200000000003,home,"{""home"": 2}"
o0000110,s0001491,u000355,2026-01-07 06:14:07,cod,4579.91,4,2,4.35,1081.1199999999994,sports,"{""electronics"": 1, ""sports"": 3}"
o0000111,s0001517,guest,2025-11-02 00:24:49,netbanking,11106.07,7,3,3.9,4210.9,electronics,"{""books"": 4, ""electronics"": 3}"
o0000112,s0001565,u000663,2025-11-22 06:41:29,netbanking,8762.86,4,2,4.45,3747.6600000000008,home,"{""electronics"": 2, ""home"": 2}"
o0000113,s0001583,guest,2025-11-22 05:11:13,wallet,11953.44,9,4,4.3,3573.540000000001,sports,"{""electronics"": 2, ""sports"": 7}"
o0000114,s0001592,u000308,2026-01-07 02:13:21,upi,9813.08,7,4,4.125,2871.9400000000005,sports,"{""beauty"": 2, ""electronics"": 1, ""home"": 2, ""sports"": 2}"
o0000115,s0001603,u001821,2026-01-05 22:44:47,upi,9606.85,6,3,4.166666666666667,2620.1600000000008,fashion,"{""beauty"": 3, ""fashion"": 3}"
o0000116,s0001607,guest,2025-12-18 05:47:57,upi,6034.33,4,2,4.0,2408.39,books,"{""books"": 2, ""fashion"": 2}"
o0000117,s0001610,u001839,2026-01-15 18:30:14,card,1668.41,2,2,4.300000000000001,663.53,beauty,"{""beauty"": 1, ""electronics"": 1}"
o0000118,s0001628,u001498,2025-11-22 01:43:29,card,1363.02,1,1,4.0,356.65000000000003,electronics,"{""electronics"": 1}"
o0000119,s0001646,u000552,2025-12-06 03:15:08,card,9122.18,8,4,4.1,2995.540000000001,fashion,"{""fashion"": 4, ""home"": 2, ""sports"": 2}"
o0000120,s0001654,u000955,2025-12-26 16:40:31,wallet,7830.04,6,2,4.6,3710.919999999999,home,"{""beauty"": 3, ""home"": 3}"
o0000121,s0001657,u001195,2026-01-16 11:21:13,card,7456.34,5,3,4.266666666666667,2575.1900000000005,electronics,"{""electronics"": 3, ""home"": 2}"
o0000122,s0001685,u001941,2025-11-17 12:20:18,card,7330.15,5,2,3.95,2323.8899999999994,sports,"{""books"": 2, ""sports"": 3}"
o0000123,s0001686,u001883,2025-12-14 04:15:17,cod,2906.88,3,1,4.1,1448.3700000000001,beauty,"{""beauty"": 3}"
o0000124,s0001687,u000767,2025-11-16 07:36:48,upi,6437.47,5,3,4.266666666666667,2222.5299999999997,home,"{""beauty"": 2, ""electronics"": 1, ""home"": 2}"
o0000125,s0001705,u001931,2025-12-24 22:01:04,card,3891.33,3,3,4.333333333333333,1638.7399999999998,beauty,"{""beauty"": 1, ""books"": 1, ""electronics"": 1}"
o0000126,s0001741,u000520,2026-01-05 17:46:30,upi,9288.45,9,4,4.3,3049.790000000001,beauty,"{""beauty"": 3, ""books"": 2, ""fashion"": 2, ""home"": 2}"
o0000127,s0001742,u001032,2025-12-06 17:57:22,cod,17628.48,4,2,3.8499999999999996,6632.0999999999985,beauty,"{""beauty"": 2, ""sports"": 2}"
o0000128,s0001745,u000670,2025-11-11 21:48:04,card,5440.59,5,2,3.6,1138.4099999999999,books,"{""beauty"": 2, ""books"": 3}"
o0000129,s0001768,u001632,2025-12-04 19:04:00,card,4093.59,5,2,4.25,1248.8500000000004,electronics,"{""books"": 2, ""electronics"": 3}"
o0000130,s0001770,u001384,2025-12-19 04:34:28,upi,10016.3,8,4,3.925,3836.8499999999995,sports,"{""beauty"": 1, ""books"": 4, ""sports"": 3}"
o0000131,s0001795,u000780,2026-01-07 19:11:51,netbanking,7488.56,7,4,4.325,3266.55,books,"{""books"": 2, ""electronics"": 4, ""home"": 1}"
o0000132,s0001799,u002070,2025-10-23 20:29:14,wallet,2650.91,3,2,4.4,848.1799999999998,fashion,"{""beauty"": 1, ""fashion"": 2}"
o0000133,s0001856,u001399,2025-11-15 07:39:59,card,19970.042499999996,8,4,4.075,5970.232499999996,beauty,"{""beauty"": 4, ""books"": 3, ""home"": 1}"
o0000134,s0001871,guest,2025-11-07 11:54:53,wallet,8096.12,5,3,3.9333333333333336,2535.4800000000005,sports,"{""electronics"": 1, ""fashion"": 2, ""sports"": 2}"
o0000135,s0001876,u001605,2025-11-30 05:34:23,upi,7736.86,3,2,3.95,2857.4399999999996,sports,"{""books"": 1, ""sports"": 2}"
o0000136,s0001878,u002152,2026-01-04 08:58:07,netbanking,3819.96,3,3,4.1000000000000005,1677.38,fashion,"{""books"": 1, ""electronics"": 1, ""fashion"": 1}"
o0000137,s0001889,guest,2025-12-29 03:59:41,upi,2422.19,1,1,4.9,859.27,books,"{""books"": 1}"
o0000138,s0001913,u002113,2025-10-30 13:07:45,upi,13479.0,5,3,4.133333333333334,4191.450000000001,sports,"{""electronics"": 2, ""fashion"": 1, ""sports"": 2}"
o0000139,s0001917,u002023,2025-10-21 18:48:03,upi,15438.06,9,4,4.475,5780.709999999999,electronics,"{""electronics"": 5, ""fashion"": 3, ""sports"": 1}"
o0000140,s0001923,u000360,2025-11-03 11:31:11,card,1629.03,1,1,3.6,521.0300000000001,beauty,"{""beauty"": 1}"
o0000141,s0001924,u001114,2025-11-20 18:37:47,wallet,1593.81,3,2,3.6,535.04,electronics,"{""electronics"": 2, ""home"": 1}"
o0000142,s0001930,u000336,2025-12-05 01:04:40,card,8410.9,4,2,3.15,3277.5199999999995,books,"{""books"": 3, ""home"": 1}"
o0000143,s0001945,u001382,2025-12-24 07:54:55,netbanking,2945.23,4,2,3.2,1206.03,sports,"{""electronics"": 1, ""sports"": 3}"
o0000144,s0001961,u002181,2025-12-11 02:48:12,card,10713.81,5,3,3.9,4568.01,books,"{""books"": 3, ""sports"": 2}"
o0000145,s0001968,u001349,2025-12-29 22:18:38,card,7128.37,4,2,4.15,2423.8899999999994,sports,"{""sports"": 4}"
o0000146,s0001977,u002011,2025-12-20 16:52:29,card,9397.94,6,2,3.95,3729.7400000000007,fashion,"{""fashion"": 3, ""home"": 3}"
o0000147,s0001981,u000642,2025-12-30 08:18:32,netbanking,4356.86,4,3,3.5666666666666664,1544.0899999999997,beauty,"{""beauty"": 1, ""electronics"": 1, ""sports"": 2}"
o0000148,s0001987,u000235,2025-11-23 05:42:22,netbanking,14063.86,6,3,4.1,5133.9000000000015,home,"{""beauty"": 3, ""electronics"": 1, ""home"": 2}"
o0000149,s0002001,u000692,2025-11-14 02:49:19,netbanking,2811.75,4,2,4.4,1130.11,beauty,"{""beauty"": 2, ""sports"": 2}"
o0000150,s0002018,guest,2025-12-15 17:09:04,wallet,12594.79,6,2,4.4,4443.040000000001,beauty,"{""beauty"": 3, ""electronics"": 3}"
o0000151,s0002032,u000727,2025-10-25 16:06:22,card,5663.5,3,3,3.8666666666666667,2201.35,sports,"{""beauty"": 1, ""books"": 1, ""sports"": 1}"
o0000152,s0002035,u000347,2025-12-22 18:25:53,cod,18692.46,8,3,4.166666666666667,8732.879999999997,books,"{""books"": 5, ""home"": 3}"
o0000153,s0002037,guest,2025-11-06 17:34:47,upi,2462.81,1,1,4.9,899.8899999999999,books,"{""books"": 1}"
o0000154,s0002043,u000652,2026-01-11 04:42:13,upi,14385.61,9,4,3.8,6475.710000000001,sports,"{""books"": 3, ""home"": 3, ""sports"": 3}"
o0000155,s0002058,u001766,2026-01-06 19:57:45,card,4083.99,4,2,4.05,1813.75,electronics,"{""beauty"": 2, ""electronics"": 2}"
o0000156,s0002059,u000987,2025-10-31 17:50:31,wallet,9931.58,6,4,3.925,4651.46,books,"{""beauty"": 4, ""books"": 1, ""home"": 1}"
o0000157,s0002065,guest,2025-11-21 15:11:42,card,1775.73,1,1,4.1,275.44999999999993,home,"{""home"": 1}"
o0000158,s0002082,guest,2025-11-10 19:44:45,card,3767.07,3,2,4.6,1664.15,home,"{""home"": 3}"
o0000159,s0002087,u002113,2026-01-14 19:42:04,card,7431.43,7,4,3.85,2418.01,home,"{""beauty"": 2, ""home"": 4, ""sports"": 1}"
o0000160,s0002089,u001728,2025-12-08 03:37:54,wallet,11798.9,5,2,4.15,4124.5599999999995,books,"{""books"": 3, ""fashion"": 2}"
o0000161,s0002113,u001938,2025-12-21 01:33:37,card,10864.1,8,4,4.15,4518.66,sports,"{""books"": 3, ""fashion"": 2, ""home"": 1, ""sports"": 2}"
o0000162,s0002117,u002167,2026-01-05 07:09:16,upi,770.77,3,1,5.0,140.35,sports,"{""sports"": 3}"
o0000163,s0002121,guest,2026-01-19 06:21:33,wallet,13069.94,8,4,3.825,4052.42,books,"{""beauty"": 2, ""books"": 3, ""electronics"": 1, ""home"": 2}"
o0000164,s0002141,u000058,2025-11-30 03:40:46,upi,13218.46,5,2,4.1,5265.689999999999,fashion,"{""books"": 2, ""fashion"": 3}"
o0000165,s0002144,guest,2025-12-07 17:01:19,wallet,2672.33,3,2,3.35,950.6599999999999,home,"{""home"": 2, ""sports"": 1}"
o0000166,s0002150,guest,2025-12-17 14:53:36,netbanking,2274.77,2,2,4.3,702.4200000000001,electronics,"{""books"": 1, ""electronics"": 1}"
o0000167,s0002160,u001127,2025-11-23 12:59:48,card,8868.0,4,2,4.199999999999999,4266.12,books,"{""books"": 4}"
o0000168,s0002167,guest,2025-12-08 08:06:04,upi,3572.38,4,2,4.6,987.0300000000002,beauty,"{""beauty"": 3, ""electronics"": 1}"
o0000169,s0002180,guest,2025-12-22 09:58:12,upi,1036.61,2,1,3.6,457.44999999999993,home,"{""home"": 2}"
o0000170,s0002186,u000768,2025-10-25 19:35:25,upi,6281.05,3,2,4.55,1946.3000000000002,sports,"{""electronics"": 1, ""sports"": 2}"
o0000171,s0002187,u001893,2025-12-16 06:21:15,wallet,8193.26,7,4,4.4,2961.8500000000004,books,"{""books"": 1, ""electronics"": 3, ""fashion"": 3}"
o0000172,s0002189,u001820,2026-01-04 05:53:32,cod,3789.19,4,3,3.6666666666666665,1816.25,home,"{""beauty"": 1, ""books"": 1, ""home"": 2}"
o0000173,s0002191,guest,2026-01-14 21:19:54,netbanking,9781.58,8,4,4.05,3278.29,electronics,"{""beauty"": 1, ""electronics"": 2, ""home"": 3, ""sports"": 2}"
o0000174,s0002216,u001192,2025-11-26 21:36:38,upi,7422.41,4,3,4.2,2368.92,electronics,"{""books"": 2, ""electronics"": 2}"
o0000175,s0002234,u001055,2025-11-25 17:56:37,upi,2514.92,1,1,3.5,594.74,beauty,"{""beauty"": 1}"
o0000176,s0002240,u001388,2025-11-03 00:57:22,upi,13165.27,6,3,3.966666666666667,4443.140000000001,beauty,"{""beauty"": 3, ""books"": 1, ""electronics"": 2}"
o0000177,s0002247,u001304,2025-12-25 13:00:52,wallet,4445.3,3,1,4.1,1934.8400000000001,fashion,"{""fashion"": 3}"
o0000178,s0002264,u000635,2025-12-28 12:21:01,wallet,14998.36,10,4,3.9,4866.540000000001,sports,"{""books"": 2, ""home"": 3, ""sports"": 5}"
o0000179,s0002267,u000347,2025-11-09 03:24:22,card,1635.41,2,1,3.5,511.75000000000006,sports,"{""sports"": 2}"
o0000180,s0002274,u001909,2025-12-25 07:13:01,card,9791.93,9,4,3.95,4200.81,sports,"{""electronics"": 3, ""home"": 2, ""sports"": 4}"
o0000181,s0002278,u002063,2025-12-30 04:02:03,wallet,15434.57,7,3,4.0,5758.41,books,"{""books"": 3, ""electronics"": 2, ""home"": 2}"
o0000182,s0002293,guest,2025-11-17 12:05:38,cod,2911.98,2,1,3.9,613.0,electronics,"{""electronics"": 2}"
o0000183,s0002295,guest,2025-11-07 10:12:03,upi,6322.9,5,3,4.333333333333333,1548.2299999999996,home,"{""electronics"": 1, ""home"": 4}"
o0000184,s0002298,u002193,2026-01-12 08:17:23,upi,12962.0,10,4,4.05,4473.720000000001,sports,"{""books"": 2, ""fashion"": 3, ""home"": 3, ""sports"": 2}"
o0000185,s0002299,u000227,2025-11-13 13:26:46,wallet,2617.64,3,1,3.9,578.3599999999999,fashion,"{""fashion"": 3}"
o0000186,s0002317,u000187,2025-12-01 14:29:39,card,12824.15,5,2,4.55,5918.53,fashion,"{""electronics"": 2, ""fashion"": 3}"
o0000187,s0002330,u001651,2025-11-19 11:54:05,card,10886.52,7,4,4.025,3306.42,home,"{""electronics"": 2, ""home"": 5}"
o0000188,s0002346,u001078,2025-12-25 11:06:26,card,2032.24,2,1,3.0,675.87,home,"{""home"": 2}"
o0000189,s0002351,u000268,2025-10-26 05:46:16,netbanking,12085.23,12,4,4.1,3103.4400000000005,home,"{""beauty"": 3, ""books"": 6, ""home"": 3}"
o0000190,s0002383,u000417,2026-01-18 23:48:08,card,2797.59,4,3,4.5,954.44,books,"{""books"": 2, ""fashion"": 1, ""sports"": 1}"
o0000191,s0002386,u000215,2025-11-01 19:18:39,card,11054.1,5,3,3.9333333333333336,4485.4400000000005,books,"{""books"": 2, ""fashion"": 1, ""sports"": 2}"
o0000192,s0002388,u000680,2026-01-10 14:53:30,card,7590.09,8,4,4.475,3351.5699999999997,beauty,"{""beauty"": 3, ""electronics"": 4, ""fashion"": 1}"
o0000193,s0002400,u001827,2025-11-16 19:05:10,card,3920.87,4,3,3.3666666666666667,1378.5899999999997,fashion,"{""fashion"": 2, ""home"": 2}"
o0000194,s0002408,u001481,2025-11-03 14:13:36,card,6776.11,5,3,4.2,1987.2699999999995,beauty,"{""beauty"": 2, ""books"": 2, ""fashion"": 1}"
o0000195,s0002419,u001534,2025-11-29 02:15:29,cod,8549.55,7,3,4.266666666666667,2068.8399999999992,home,"{""beauty"": 1, ""home"": 3, ""sports"": 3}"
o0000196,s0002424,u001192,2025-11-24 19:38:30,upi,19970.042499999996,8,4,4.0,6340.612499999996,books,"{""books"": 3, ""home"": 2, ""sports"": 3}"
o0000197,s0002433,guest,2026-01-03 03:33:14,card,5858.16,5,2,3.95,2612.78,fashion,"{""electronics"": 2, ""fashion"": 3}"
o0000198,s0002449,u000661,2025-12-18 05:15:03,wallet,16795.41,7,3,4.433333333333334,5979.889999999999,books,"{""books"": 3, ""electronics"": 2, ""sports"": 2}"
o0000199,s0002453,u002018,2025-10-26 12:56:45,card,6765.22,7,4,4.25,1784.62,electronics,"{""books"": 1, ""electronics"": 5, ""fashion"": 1}"
o0000200,s0002455,u001533,2025-12-29 22:49:47,netbanking,10619.7,10,4,3.95,3665.540000000001,home,"{""books"": 3, ""electronics"": 2, ""home"": 5}"
o0000201,s0002469,u000970,2025-12-17 00:16:57,upi,9986.57,6,3,3.966666666666667,4337.209999999999,sports,"{""fashion"": 2, ""home"": 1, ""sports"": 3}"
o0000202,s0002476,u002191,2025-11-15 07:58:50,card,9640.7,6,4,3.975,3332.2800000000007,sports,"{""beauty"": 1, ""fashion"": 2, ""sports"": 3}"
o0000203,s0002499,u002160,2025-11-02 17:13:55,netbanking,3846.26,5,2,3.95,1587.8600000000001,electronics,"{""books"": 2, ""electronics"": 3}"
o0000204,s0002502,u000742,2025-11-12 20:34:27,wallet,7089.88,5,2,4.25,2093.42,books,"{""books"": 2, ""fashion"": 3}"
o0000205,s0002522,u002185,2025-12-05 05:10:39,cod,6428.56,4,3,4.333333333333333,2213.5700000000006,fashion,"{""beauty"": 1, ""fashion"": 2, ""home"": 1}"
o0000206,s0002538,u000391,2025-12-05 11:09:40,card,15581.28,8,4,3.9749999999999996,5379.5,home,"{""books"": 2, ""home"": 4, ""sports"": 2}"
o0000207,s0002544,u000495,2025-12-21 21:54:50,upi,3393.75,2,1,3.7,1709.05,electronics,"{""electronics"": 2}"
o0000208,s0002559,u000969,2025-11-01 18:56:57,wallet,2169.43,3,1,4.0,852.9099999999999,books,"{""books"": 3}"
o0000209,s0002561,u000494,2025-10-23 15:58:25,card,8764.31,8,4,4.775,3644.3599999999997,books,"{""books"": 4, ""electronics"": 3, ""fashion"": 1}"
o0000210,s0002564,guest,2025-12-23 19:21:01,wallet,1923.36,1,1,3.5,372.8499999999999,electronics,"{""electronics"": 1}"
o0000211,s0002572,u001563,2025-12-25 08:54:28,card,9319.23,7,4,3.95,4371.95,books,"{""books"": 2, ""electronics"": 3, ""home"": 2}"
o0000212,s0002574,u000740,2025-12-06 02:22:14,card,1885.61,1,1,4.1,422.54999999999995,beauty,"{""beauty"": 1}"
o0000213,s0002576,u000392,2025-10-25 15:12:32,upi,9440.12,7,4,3.8000000000000003,2312.8100000000004,home,"{""beauty"": 1, ""books"": 2, ""home"": 4}"
o0000214,s0002594,u000958,2025-12-09 17:12:47,wallet,9111.92,6,2,4.45,3497.42,home,"{""books"": 3, ""home"": 3}"
o0000215,s0002605,u001068,2025-10-25 01:35:24,upi,11001.2,6,3,3.9666666666666663,4064.500000000001,books,"{""books"": 4, ""electronics"": 2}"
o0000216,s0002614,u000311,2025-11-19 05:11:16,upi,3238.92,3,1,4.2,1594.1100000000001,fashion,"{""fashion"": 3}"
o0000217,s0002649,u000994,2026-01-14 13:45:51,card,2196.02,3,1,4.1,580.4000000000001,electronics,"{""electronics"": 3}"
o0000218,s0002654,u001347,2025-11-04 04:53:51,cod,4952.6,5,3,4.266666666666667,1135.1600000000008,fashion,"{""beauty"": 2, ""books"": 1, ""fashion"": 2}"
o0000219,s0002701,u002187,2025-10-26 08:23:37,upi,12795.21,9,4,4.2,4624.1799999999985,sports,"{""electronics"": 2, ""home"": 3, ""sports"": 4}"
o0000220,s0002707,u001610,2025-12-13 17:23:58,wallet,12654.69,6,2,4.35,4131.09,fashion,"{""fashion"": 6}"
o0000221,s0002711,u001593,2025-11-26 02:52:30,cod,12192.03,9,3,4.033333333333333,4240.08,electronics,"{""books"": 3, ""electronics"": 3, ""fashion"": 3}"
o0000222,s0002731,u000252,2025-10-22 10:11:15,card,1049.49,1,1,3.5,490.81000000000006,books,"{""books"": 1}"
o0000223,s0002748,u001060,2026-01-05 06:49:27,card,4951.17,4,4,4.325,1767.75,books,"{""beauty"": 1, ""books"": 2, ""sports"": 1}"
o0000224,s0002757,u000956,2025-11-30 21:41:20,netbanking,6937.31,7,4,3.95,2005.7700000000004,fashion,"{""books"": 1, ""electronics"": 2, ""fashion"": 3, ""sports"": 1}"
o0000225,s0002777,u001952,2025-11-09 14:41:43,card,8022.95,6,4,4.1,2612.5899999999992,books,"{""books"": 3, ""fashion"": 1, ""home"": 1, ""sports"": 1}"
o0000226,s0002786,u001229,2026-01-16 09:25:01,netbanking,7114.68,3,2,4.35,2006.2800000000007,electronics,"{""electronics"": 2, ""fashion"": 1}"
o0000227,s0002795,u000509,2025-11-29 19:38:48,upi,8772.75,6,4,3.95,3383.7199999999993,sports,"{""beauty"": 1, ""fashion"": 1, ""sports"": 4}"
o0000228,s0002817,u001865,2025-12-21 20:45:14,cod,3625.25,5,3,4.7,929.9499999999998,fashion,"{""electronics"": 1, ""fashion"": 2, ""sports"": 2}"
o0000229,s0002829,guest,2025-12-10 01:49:21,upi,10995.93,9,3,4.566666666666666,2954.6100000000006,books,"{""beauty"": 3, ""books"": 3, ""sports"": 3}"
o0000230,s0002830,guest,2026-01-13 22:10:01,card,12632.23,8,4,4.25,4761.08,electronics,"{""electronics"": 3, ""fashion"": 1, ""home"": 4}"
o0000231,s0002835,guest,2025-10-22 11:10:40,card,2167.85,4,3,4.033333333333333,694.3,home,"{""home"": 3, ""sports"": 1}"
o0000232,s0002839,u001283,2025-12-10 17:57:43,netbanking,2394.24,1,1,3.8,1109.7299999999998,books,"{""books"": 1}"
o0000233,s0002847,u000454,2025-12-20 05:20:30,card,3361.0,2,2,3.9,941.8000000000002,books,"{""books"": 1, ""fashion"": 1}"
o0000234,s0002861,guest,2025-12-05 22:55:07,upi,11913.62,5,2,3.8,4425.970000000001,home,"{""home"": 5}"
o0000235,s0002885,u000047,2026-01-17 14:03:09,card,4842.26,4,2,3.5,1716.0600000000004,home,"{""books"": 1, ""home"": 3}"
o0000236,s0002900,u001250,2025-12-30 21:55:11,upi,10193.22,7,4,4.125,4473.289999999999,fashion,"{""books"": 1, ""fashion"": 3, ""home"": 3}"
o0000237,s0002909,u001728,2026-01-11 12:35:11,netbanking,1401.59,2,2,4.1,590.1799999999998,sports,"{""fashion"": 1, ""sports"": 1}"
o0000238,s0002925,u000367,2025-12-03 08:43:38,card,8219.83,7,3,3.8666666666666667,3328.58,fashion,"{""fashion"": 6, ""sports"": 1}"
o0000239,s0002941,u000037,2025-11-29 23:36:12,upi,4987.15,7,4,4.2,1473.3799999999997,books,"{""books"": 3, ""electronics"": 4}"
o0000240,s0002949,guest,2025-12-06 22:09:03,card,4903.84,4,2,4.25,1699.94,home,"{""home"": 4}"
o0000241,s0002953,u001045,2026-01-09 23:45:09,upi,6924.75,6,4,4.525,2638.21,books,"{""books"": 2, ""electronics"": 2, ""fashion"": 1, ""home"": 1}"
o0000242,s0002960,u001452,2025-10-30 18:08:39,card,3178.14,2,2,4.15,1042.12,books,"{""books"": 1, ""sports"": 1}"
o0000243,s0002983,u000572,2025-11-06 19:22:07,card,10418.93,9,4,3.7,4118.900000000001,home,"{""books"": 1, ""home"": 6, ""sports"": 2}"
o0000244,s0002986,u001826,2025-11-11 10:20:17,upi,4769.8,2,1,4.9,1643.96,books,"{""books"": 2}"
o0000245,s0002994,u001066,2025-12-27 11:05:45,wallet,19970.042499999996,8,4,4.25,6520.482499999996,books,"{""beauty"": 1, ""books"": 3, ""electronics"": 1, ""home"": 3}"
o0000246,s0002997,u001667,2025-12-18 02:45:14,card,13265.31,11,4,3.825,5836.799999999999,sports,"{""electronics"": 2, ""home"": 3, ""sports"": 6}"
o0000247,s0003016,u000659,2025-11-21 12:16:17,cod,6357.77,3,1,3.6,1534.0100000000002,sports,"{""sports"": 3}"
o0000248,s0003023,u001284,2025-11-13 16:50:29,upi,17920.21,8,4,4.125,6760.649999999998,home,"{""beauty"": 2, ""electronics"": 2, ""home"": 4}"
o0000249,s0003031,u001410,2026-01-17 00:38:25,netbanking,2890.95,3,1,4.2,1247.6399999999999,home,"{""home"": 3}"
o0000250,s0003055,u001327,2025-11-21 07:49:07,upi,5663.6,4,2,4.2,2244.4700000000003,books,"{""books"": 3, ""home"": 1}"
o0000251,s0003078,u001828,2025-12-09 23:01:46,upi,3701.09,5,3,3.966666666666667,1664.16,home,"{""electronics"": 2, ""fashion"": 1, ""home"": 2}"
o0000252,s0003080,u001422,2025-12-23 00:49:06,card,1664.01,2,1,4.3,487.71,home,"{""home"": 2}"
o0000253,s0003115,u001840,2026-01-12 07:21:30,wallet,15301.49,4,2,3.6500000000000004,6806.23,home,"{""books"": 2, ""home"": 2}"
o0000254,s0003121,guest,2025-11-14 08:20:47,wallet,5378.4,3,2,4.6,1841.1699999999996,sports,"{""fashion"": 1, ""sports"": 2}"
o0000255,s0003122,u000372,2025-11-09 01:18:34,netbanking,4586.48,4,4,4.050000000000001,1526.1099999999997,books,"{""books"": 2, ""electronics"": 2}"
o0000256,s0003124,u000017,2026-01-15 05:17:35,wallet,12428.75,7,3,4.166666666666667,3747.739999999998,home,"{""fashion"": 3, ""home"": 4}"
o0000257,s0003148,u000168,2025-12-11 10:37:48,card,1818.22,2,2,4.3,455.0200000000001,fashion,"{""beauty"": 1, ""fashion"": 1}"
o0000258,s0003149,u000853,2025-11-27 11:31:37,card,4722.98,4,2,4.15,1549.1599999999994,fashion,"{""beauty"": 2, ""fashion"": 2}"
o0000259,s0003154,u000741,2025-11-28 21:40:15,card,14919.19,8,4,4.325,6455.980000000001,electronics,"{""beauty"": 2, ""books"": 1, ""electronics"": 3, ""home"": 2}"
o0000260,s0003163,u000713,2025-12-17 04:51:03,upi,9025.78,5,2,3.45,2596.6600000000008,fashion,"{""books"": 2, ""fashion"": 3}"
o0000261,s0003168,u000719,2025-12-11 08:00:07,cod,2590.49,4,2,3.95,841.4299999999996,fashion,"{""fashion"": 4}"
o0000262,s0003174,u001841,2025-11-14 07:37:37,wallet,2157.6,3,1,4.1,501.6899999999998,electronics,"{""electronics"": 3}"
o0000263,s0003177,guest,2025-11-05 21:59:19,netbanking,774.91,1,1,4.6,288.10999999999996,electronics,"{""electronics"": 1}"
o0000264,s0003178,u001180,2026-01-10 13:57:00,card,6299.99,6,4,3.85,1919.0,home,"{""beauty"": 1, ""books"": 2, ""home"": 3}"
o0000265,s0003179,guest,2025-11-01 01:32:16,upi,5393.75,6,2,4.15,1760.75,sports,"{""fashion"": 3, ""sports"": 3}"
o0000266,s0003203,u001561,2025-12-13 13:28:37,card,19970.042499999996,10,4,4.05,-134.02750000000378,beauty,"{""beauty"": 3, ""fashion"": 7}"
o0000267,s0003221,u002050,2026-01-12 21:19:20,cod,6822.08,6,3,4.1000000000000005,2026.0599999999995,beauty,"{""beauty"": 4, ""electronics"": 2}"
o0000268,s0003230,u000538,2025-11-06 14:00:22,wallet,10701.49,5,3,3.6333333333333333,3950.3999999999996,sports,"{""home"": 3, ""sports"": 2}"
o0000269,s0003241,u001252,2025-12-27 06:08:49,card,2829.9,4,2,4.2,1176.31,fashion,"{""fashion"": 4}"
o0000270,s0003257,u001355,2026-01-05 08:48:13,upi,6197.67,7,4,3.95,2861.3599999999997,sports,"{""beauty"": 1, ""electronics"": 3, ""fashion"": 2, ""sports"": 1}"
o0000271,s0003264,u002000,2025-11-14 05:44:12,card,14108.9,7,4,4.0,5566.59,books,"{""books"": 3, ""electronics"": 3, ""home"": 1}"
o0000272,s0003266,u001803,2026-01-16 13:01:37,card,5922.34,4,2,4.05,2297.3400000000006,beauty,"{""beauty"": 3, ""home"": 1}"
o0000273,s0003282,u000554,2025-10-24 12:16:17,card,3241.83,2,1,4.2,1579.71,sports,"{""sports"": 2}"
o0000274,s0003291,u002142,2025-12-15 04:14:34,card,2428.21,3,1,4.6,910.6300000000001,fashion,"{""fashion"": 3}"
o0000275,s0003299,u001902,2025-11-28 14:29:05,cod,6521.93,5,3,4.7,2729.5300000000007,electronics,"{""electronics"": 3, ""home"": 1, ""sports"": 1}"
o0000276,s0003306,u001962,2026-01-05 00:30:27,card,6900.03,3,1,4.6,2240.25,fashion,"{""fashion"": 3}"
o0000277,s0003307,u001750,2025-12-09 10:44:46,upi,5442.85,5,2,3.8499999999999996,1960.1500000000005,home,"{""electronics"": 2, ""home"": 3}"
o0000278,s0003346,u001819,2025-10-30 02:30:23,upi,10164.7,6,4,3.55,4873.970000000001,home,"{""home"": 6}"
o0000279,s0003371,u000194,2026-01-15 22:53:20,wallet,2848.01,3,2,4.1,890.4700000000003,beauty,"{""beauty"": 2, ""books"": 1}"
o0000280,s0003392,u000846,2025-12-04 04:42:27,upi,2562.23,2,1,3.5,1160.75,sports,"{""sports"": 2}"
o0000281,s0003459,u000638,2025-12-30 08:25:23,upi,8481.25,4,3,3.5,3489.5599999999995,sports,"{""books"": 2, ""electronics"": 1, ""sports"": 1}"
o0000282,s0003492,u000831,2025-12-14 02:07:59,card,8200.0,8,3,3.8666666666666667,3142.7,fashion,"{""books"": 3, ""fashion"": 2, ""home"": 3}"
o0000283,s0003512,u001863,2025-11-27 14:18:00,wallet,3156.6,1,1,4.0,1274.1699999999998,fashion,"{""fashion"": 1}"
o0000284,s0003514,u000798,2025-11-25 16:52:01,upi,7326.74,7,4,4.2,2562.04,home,"{""beauty"": 1, ""books"": 1, ""fashion"": 2, ""home"": 3}"
o0000285,s0003529,guest,2025-12-20 12:51:03,card,6548.01,6,3,4.333333333333333,1876.5900000000001,books,"{""books"": 4, ""sports"": 2}"
o0000286,s0003550,guest,2026-01-18 16:56:04,card,1240.47,1,1,3.4,430.96,electronics,"{""electronics"": 1}"
o0000287,s0003553,u001877,2026-01-12 07:29:11,card,5819.83,3,1,4.2,2361.6099999999997,books,"{""books"": 3}"
o0000288,s0003568,u002099,2025-11-22 22:55:02,upi,5692.08,6,3,3.5,2037.29,home,"{""electronics"": 1, ""home"": 5}"
o0000289,s0003584,u001768,2025-12-08 03:03:03,card,4171.51,3,1,4.0,1324.7500000000005,electronics,"{""electronics"": 3}"
o0000290,s0003586,u002080,2025-11-18 08:23:03,netbanking,4680.24,5,2,3.8499999999999996,1622.13,beauty,"{""beauty"": 2, ""books"": 3}"
o0000291,s0003634,u000724,2026-01-11 04:06:52,wallet,1213.31,2,2,4.25,408.84000000000003,electronics,"{""books"": 1, ""electronics"": 1}"
o0000292,s0003643,guest,2025-11-24 15:47:58,upi,8144.94,5,2,4.15,2738.3399999999992,sports,"{""books"": 2, ""sports"": 3}"
o0000293,s0003650,u002113,2025-10-27 00:07:57,wallet,3566.3,4,2,4.800000000000001,1266.1099999999997,fashion,"{""fashion"": 4}"
o0000294,s0003653,u001663,2026-01-05 18:04:02,wallet,2781.61,2,1,4.7,567.5700000000002,home,"{""home"": 2}"
o0000295,s0003680,u000856,2025-10-24 16:50:38,netbanking,8599.84,5,2,4.4,3907.8099999999995,home,"{""fashion"": 3, ""home"": 2}"
o0000296,s0003707,u000944,2025-11-09 12:23:41,upi,7032.62,6,4,4.1,2419.7699999999995,books,"{""books"": 4, ""electronics"": 1, ""sports"": 1}"
o0000297,s0003723,u002075,2025-11-17 08:51:17,netbanking,16201.91,8,3,4.133333333333334,7712.280000000001,electronics,"{""electronics"": 3, ""home"": 5}"
o0000298,s0003759,u000888,2025-12-17 07:11:17,upi,1847.89,2,2,3.45,569.6200000000001,fashion,"{""beauty"": 1, ""fashion"": 1}"
o0000299,s0003773,u001688,2025-10-28 08:31:07,upi,10115.71,7,3,4.133333333333334,3551.0699999999997,books,"{""books"": 2, ""fashion"": 2, ""home"": 3}"
o0000300,s0003794,guest,2025-11-21 16:19:36,netbanking,3955.82,5,2,4.1,1461.31,sports,"{""electronics"": 2, ""sports"": 3}"
o0000301,s0003802,u002186,2025-12-16 04:55:15,upi,2023.53,2,1,4.0,764.23,sports,"{""sports"": 2}"
o0000302,s0003821,u002199,2025-12-06 08:51:50,wallet,3148.24,2,1,3.6,730.8399999999997,home,"{""home"": 2}"
o0000303,s0003830,u000575,2025-12-09 04:07:46,wallet,2760.83,1,1,3.7,897.49,sports,"{""sports"": 1}"
o0000304,s0003835,u001546,2025-10-30 23:30:56,netbanking,14283.2,11,4,3.925,4598.6500000000015,books,"{""books"": 6, ""electronics"": 2, ""fashion"": 3}"
o0000305,s0003839,u000279,2025-10-28 03:54:51,netbanking,11794.02,7,3,3.9333333333333336,4656.22,sports,"{""electronics"": 3, ""sports"": 4}"
o0000306,s0003861,u000994,2026-01-16 13:06:14,card,3627.36,3,2,4.449999999999999,1609.73,fashion,"{""beauty"": 1, ""fashion"": 2}"
o0000307,s0003865,guest,2026-01-18 19:17:04,upi,3843.98,2,1,4.7,1444.6999999999998,fashion,"{""fashion"": 2}"
o0000308,s0003868,u000168,2025-10-23 11:12:57,card,3442.03,3,2,4.2,1316.2900000000004,home,"{""beauty"": 1, ""home"": 2}"
o0000309,s0003874,u002087,2025-11-28 10:36:07,upi,4737.33,5,3,3.466666666666667,1523.3499999999995,fashion,"{""fashion"": 2, ""home"": 1, ""sports"": 2}"
o0000310,s0003907,u000624,2025-12-16 09:54:59,upi,1680.9,1,1,4.3,772.7400000000001,fashion,"{""fashion"": 1}"
o0000311,s0003915,guest,2026-01-16 15:55:43,wallet,5213.86,4,2,4.45,1537.1399999999999,books,"{""books"": 3, ""electronics"": 1}"
o0000312,s0003916,u000445,2025-11-26 00:44:01,wallet,3041.84,2,2,4.2,743.0700000000002,home,"{""books"": 1, ""home"": 1}"
o0000313,s0003929,u000770,2025-12-10 04:11:58,upi,3618.85,4,2,4.55,1486.79,sports,"{""sports"": 4}"
o0000314,s0003940,u001001,2026-01-14 07:26:26,card,1823.53,2,1,4.2,727.99,home,"{""home"": 2}"
o0000315,s0003951,u001639,2025-11-03 19:27:48,upi,1586.21,2,1,5.0,515.2,books,"{""books"": 2}"
o0000316,s0003984,guest,2025-12-04 13:23:27,card,4808.92,5,3,4.3999999999999995,1453.0400000000004,sports,"{""beauty"": 1, ""sports"": 4}"
o0000317,s0003985,guest,2025-11-20 05:26:42,card,9193.03,4,2,3.9499999999999997,4262.09,books,"{""books"": 2, ""fashion"": 2}"
o0000318,s0003986,u000738,2025-12-08 19:10:16,cod,8628.32,8,4,4.05,3661.8099999999995,sports,"{""books"": 3, ""home"": 1, ""sports"": 4}"
o0000319,s0003991,u000313,2025-12-25 10:38:54,card,5173.74,6,2,4.300000000000001,2499.18,electronics,"{""electronics"": 6}"
o0000320,s0004016,u002045,2026-01-14 09:20:30,upi,13092.12,5,2,3.9,3296.2000000000007,sports,"{""sports"": 5}"
o0000321,s0004022,u001342,2025-12-18 19:48:27,wallet,3129.72,6,2,4.15,903.81,sports,"{""electronics"": 3, ""sports"": 3}"
o0000322,s0004027,u000799,2025-10-29 10:11:41,cod,13352.15,3,2,3.65,6483.98,books,"{""books"": 2, ""fashion"": 1}"
o0000323,s0004033,guest,2026-01-18 18:19:13,upi,13628.14,6,3,3.766666666666667,6187.329999999999,home,"{""electronics"": 2, ""home"": 3, ""sports"": 1}"
o0000324,s0004044,u001709,2025-12-06 09:33:31,card,522.45,1,1,3.2,194.30000000000007,sports,"{""sports"": 1}"
o0000325,s0004066,u001429,2025-11-07 18:50:34,wallet,1864.56,2,1,4.0,509.86,fashion,"{""fashion"": 2}"
o0000326,s0004069,u001692,2025-12-07 04:59:09,card,12241.26,7,4,4.025,3472.960000000001,sports,"{""books"": 1, ""electronics"": 2, ""fashion"": 2, ""sports"": 2}"
o0000327,s0004071,u001239,2025-11-18 13:57:49,upi,11689.1,5,3,3.5,5238.43,home,"{""books"": 1, ""home"": 4}"
o0000328,s0004076,u001756,2025-11-20 17:25:44,netbanking,2246.66,2,1,3.4,822.7199999999998,electronics,"{""electronics"": 2}"
o0000329,s0004092,u001703,2026-01-04 23:56:23,cod,2798.25,1,1,3.7,934.9100000000001,sports,"{""sports"": 1}"
o0000330,s0004093,u001025,2025-12-23 17:36:22,wallet,2022.43,1,1,4.1,841.47,fashion,"{""fashion"": 1}"
o0000331,s0004129,u000612,2026-01-11 08:27:09,card,12571.42,7,4,4.15,3021.59,electronics,"{""beauty"": 2, ""electronics"": 3, ""home"": 2}"
o0000332,s0004135,u001167,2025-12-19 17:24:20,netbanking,6065.33,5,3,3.9333333333333336,1247.87,home,"{""fashion"": 2, ""home"": 2, ""sports"": 1}"
o0000333,s0004143,u002103,2025-12-31 10:44:44,card,17098.94,10,4,4.675,8083.749999999998,beauty,"{""beauty"": 5, ""electronics"": 3, ""fashion"": 2}"
o0000334,s0004150,u000256,2025-12-25 06:15:33,upi,3219.02,2,1,4.2,1556.9,sports,"{""sports"": 2}"
o0000335,s0004164,u001689,2026-01-11 14:50:30,card,2170.92,3,1,4.6,882.27,electronics,"{""electronics"": 3}"
o0000336,s0004170,u001716,2025-11-30 14:56:35,card,6229.43,7,4,4.0,1698.8100000000004,electronics,"{""books"": 1, ""electronics"": 6}"
o0000337,s0004171,u001304,2025-11-30 01:39:18,upi,2362.67,2,1,3.6,1076.8100000000002,home,"{""home"": 2}"
o0000338,s0004172,u000758,2025-11-04 14:19:05,wallet,7839.78,6,3,4.166666666666667,3302.1399999999994,sports,"{""beauty"": 2, ""sports"": 4}"
o0000339,s0004179,guest,2025-11-28 17:15:28,upi,12657.34,6,3,4.2,5435.7300000000005,books,"{""beauty"": 1, ""books"": 3, ""sports"": 2}"
o0000340,s0004184,u001363,2025-11-05 22:05:47,wallet,8975.79,7,4,4.5,3285.84,sports,"{""books"": 1, ""fashion"": 3, ""sports"": 3}"
o0000341,s0004186,u001122,2025-12-30 16:51:53,upi,6235.09,5,3,4.066666666666666,2724.0600000000004,books,"{""books"": 3, ""fashion"": 1, ""sports"": 1}"
o0000342,s0004196,u001495,2025-12-23 01:43:39,cod,3000.78,2,1,4.1,775.8600000000001,home,"{""home"": 2}"
o0000343,s0004204,u000178,2025-11-25 09:53:13,wallet,3139.82,2,1,3.6,1571.7800000000002,home,"{""home"": 2}"
o0000344,s0004208,u001567,2025-11-20 11:06:02,cod,9722.54,11,4,4.075,3219.1900000000005,sports,"{""books"": 2, ""electronics"": 3, ""home"": 3, ""sports"": 3}"
o0000345,s0004223,u000142,2025-12-16 23:21:24,card,4372.15,3,1,4.1,1372.9899999999998,books,"{""books"": 3}"
o0000346,s0004228,u001388,2025-12-28 10:30:08,upi,5172.06,6,4,4.35,1208.2500000000005,electronics,"{""electronics"": 4, ""sports"": 2}"
o0000347,s0004253,u002120,2025-12-31 16:03:28,wallet,3395.13,3,1,4.2,1130.94,books,"{""books"": 3}"
o0000348,s0004261,guest,2026-01-04 10:47:11,card,8768.34,8,3,3.5666666666666664,3272.6500000000005,home,"{""home"": 6, ""sports"": 2}"
o0000349,s0004288,u001750,2025-12-14 09:49:43,upi,3553.53,3,2,4.75,673.1600000000003,home,"{""beauty"": 1, ""home"": 2}"
o0000350,s0004337,u000897,2025-12-28 05:33:46,card,9297.36,10,4,3.75,3240.84,books,"{""books"": 6, ""fashion"": 3, ""home"": 1}"
o0000351,s0004351,u000249,2026-01-07 02:31:55,card,1112.13,1,1,4.4,212.42000000000007,home,"{""home"": 1}"
o0000352,s0004354,u002192,2026-01-18 19:25:42,card,16531.78,4,3,3.8000000000000003,5519.4299999999985,beauty,"{""beauty"": 2, ""books"": 1, ""home"": 1}"
o0000353,s0004372,u001569,2025-11-29 18:28:58,cod,3765.97,3,2,3.8,1126.1299999999997,sports,"{""home"": 1, ""sports"": 2}"
o0000354,s0004382,u000065,2025-12-01 23:31:23,wallet,2272.9,3,1,4.6,755.3200000000002,fashion,"{""fashion"": 3}"
o0000355,s0004397,u001243,2025-11-07 09:52:13,card,12249.59,9,4,4.05,3957.3199999999997,electronics,"{""books"": 1, ""electronics"": 5, ""sports"": 3}"
o0000356,s0004407,u000776,2025-12-08 01:20:48,upi,6307.16,4,3,4.666666666666667,1942.4699999999993,home,"{""books"": 1, ""home"": 3}"
o0000357,s0004418,u001105,2026-01-16 15:30:55,cod,5490.4,7,4,4.525,1416.4,beauty,"{""beauty"": 3, ""books"": 1, ""electronics"": 2, ""sports"": 1}"
o0000358,s0004422,u001641,2025-11-26 17:41:13,upi,2866.15,2,1,4.1,1192.51,fashion,"{""fashion"": 2}"
o0000359,s0004439,u000198,2026-01-15 15:01:09,netbanking,16067.26,8,3,3.8666666666666667,7020.91,fashion,"{""fashion"": 3, ""home"": 2, ""sports"": 3}"
o0000360,s0004476,u001745,2025-12-09 08:49:35,wallet,10192.82,10,4,3.8,2891.159999999999,sports,"{""fashion"": 3, ""sports"": 7}"
o0000361,s0004482,guest,2025-11-10 21:42:52,upi,3936.92,2,2,3.8499999999999996,1041.06,sports,"{""fashion"": 1, ""sports"": 1}"
o0000362,s0004501,u001483,2026-01-09 23:06:50,cod,1760.98,2,1,4.2,652.83,books,"{""books"": 2}"
o0000363,s0004534,u001936,2025-10-22 17:41:11,netbanking,4166.86,4,2,3.7,1151.7299999999996,fashion,"{""beauty"": 1, ""fashion"": 3}"
o0000364,s0004574,u001746,2026-01-04 08:32:18,netbanking,7929.59,5,3,4.433333333333334,2660.33,fashion,"{""books"": 1, ""fashion"": 2, ""home"": 2}"
o0000365,s0004575,u002180,2026-01-05 11:14:05,netbanking,5279.16,5,3,3.533333333333333,2129.94,home,"{""beauty"": 1, ""home"": 2, ""sports"": 2}"
o0000366,s0004582,u001106,2025-11-26 18:13:11,upi,1572.92,2,1,4.5,374.06,sports,"{""sports"": 2}"
o0000367,s0004596,u000476,2025-11-20 23:41:53,card,7835.21,4,3,3.8333333333333335,3229.58,books,"{""books"": 2, ""fashion"": 1, ""sports"": 1}"
o0000368,s0004620,u001710,2026-01-02 06:31:40,cod,8027.36,8,3,3.6666666666666665,2943.1400000000003,books,"{""beauty"": 3, ""books"": 2, ""sports"": 3}"
o0000369,s0004679,u000738,2025-11-21 06:25:05,cod,11190.07,7,4,3.9,4851.94,electronics,"{""electronics"": 3, ""fashion"": 2, ""home"": 1, ""sports"": 1}"
o0000370,s0004688,u001333,2025-12-10 07:00:50,netbanking,4149.41,2,1,4.7,1750.1299999999997,fashion,"{""fashion"": 2}"
o0000371,s0004706,u001712,2025-11-07 21:53:11,card,5907.85,4,2,3.8,2441.9700000000003,electronics,"{""electronics"": 2, ""home"": 2}"
o0000372,s0004715,u000908,2025-12-17 08:38:28,upi,9173.96,4,2,3.85,2738.4199999999983,books,"{""books"": 2, ""sports"": 2}"
o0000373,s0004729,u001704,2025-12-11 10:08:51,upi,12985.7,7,4,4.1,4288.4000000000015,electronics,"{""books"": 1, ""electronics"": 2, ""fashion"": 2, ""home"": 2}"
o0000374,s0004736,u002048,2025-11-26 07:37:38,card,2353.71,4,2,4.0,964.19,books,"{""books"": 2, ""home"": 2}"
o0000375,s0004778,guest,2025-11-19 19:34:27,upi,2714.35,3,2,4.1,683.5499999999997,fashion,"{""fashion"": 1, ""home"": 2}"
o0000376,s0004793,u002036,2025-12-21 08:44:45,upi,8618.73,8,3,4.333333333333333,2937.1099999999997,books,"{""beauty"": 2, ""books"": 3, ""electronics"": 3}"
o0000377,s0004807,u000246,2026-01-11 08:39:04,cod,3356.89,3,1,3.4,1220.98,electronics,"{""electronics"": 3}"
o0000378,s0004814,u001443,2025-12-30 00:19:59,card,11715.87,6,3,4.733333333333333,4813.18,books,"{""books"": 4, ""sports"": 2}"
o0000379,s0004832,u001078,2026-01-16 05:39:14,upi,8485.99,6,3,4.366666666666667,2761.6499999999996,fashion,"{""electronics"": 1, ""fashion"": 3, ""home"": 2}"
o0000380,s0004844,u001223,2025-11-22 19:26:50,upi,10210.94,5,2,4.6,4226.780000000001,electronics,"{""electronics"": 3, ""home"": 2}"
o0000381,s0004845,u000427,2026-01-18 01:31:12,cod,5571.23,8,3,4.633333333333334,1869.4299999999998,electronics,"{""electronics"": 3, ""fashion"": 2, ""sports"": 3}"
o0000382,s0004851,u002047,2026-01-08 15:30:55,upi,10782.75,6,4,3.875,4819.4800000000005,books,"{""beauty"": 2, ""books"": 3, ""sports"": 1}"
o0000383,s0004869,u002167,2026-01-13 03:29:09,card,1308.82,2,1,4.2,390.32,home,"{""home"": 2}"
o0000384,s0004893,u000898,2025-11-18 02:00:40,netbanking,7827.21,8,4,4.125,3838.63,beauty,"{""beauty"": 7, ""sports"": 1}"
o0000385,s0004898,u002083,2026-01-12 20:14:34,upi,2986.59,5,3,4.166666666666667,1247.9500000000003,electronics,"{""books"": 1, ""electronics"": 3, ""fashion"": 1}"
o0000386,s0004916,u001134,2025-12-26 16:58:52,upi,19970.042499999996,3,1,3.8,5557.532499999996,beauty,"{""beauty"": 3}"
o0000387,s0004919,u000525,2025-11-19 21:16:20,wallet,11722.81,6,3,3.8333333333333335,4858.9,home,"{""electronics"": 1, ""home"": 2, ""sports"": 3}"
o0000388,s0004920,guest,2025-11-21 06:12:15,card,4770.0,6,2,4.05,1283.0699999999997,sports,"{""electronics"": 3, ""sports"": 3}"
o0000389,s0004934,u000534,2025-12-28 23:43:37,upi,9025.94,7,4,3.925,3915.38,sports,"{""books"": 2, ""fashion"": 2, ""sports"": 3}"
o0000390,s0004963,u001191,2025-10-31 11:26:53,wallet,3802.89,2,2,3.6500000000000004,1520.0499999999997,books,"{""books"": 2}"
o0000391,s0004980,u001704,2025-12-08 23:23:56,wallet,10705.71,6,2,4.35,2903.0999999999985,books,"{""books"": 3, ""sports"": 3}"
o0000392,s0004984,u001188,2025-12-12 08:23:28,upi,19970.042499999996,10,4,4.225,2645.7424999999967,beauty,"{""beauty"": 5, ""books"": 5}"
o0000393,s0004992,u001022,2025-11-25 21:40:39,upi,9314.32,8,3,4.1000000000000005,4204.37,electronics,"{""books"": 3, ""electronics"": 3, ""sports"": 2}"
o0000394,s0005018,u000004,2025-11-06 14:06:09,card,9153.61,6,3,4.2,2686.2400000000016,sports,"{""electronics"": 1, ""fashion"": 3, ""sports"": 2}"
o0000395,s0005026,u001182,2025-10-24 12:12:31,upi,4330.69,3,1,4.5,923.2299999999996,electronics,"{""electronics"": 3}"
o0000396,s0005043,u000503,2025-11-15 02:45:30,upi,4117.98,2,1,5.0,1586.3999999999996,fashion,"{""fashion"": 2}"
o0000397,s0005069,u000610,2025-12-08 14:49:35,wallet,19970.042499999996,6,3,4.233333333333333,6118.292499999996,beauty,"{""beauty"": 2, ""electronics"": 3, ""home"": 1}"
o0000398,s0005070,guest,2025-12-10 21:40:56,card,1522.75,1,1,4.4,446.2,electronics,"{""electronics"": 1}"
o0000399,s0005108,u002152,2025-10-26 16:00:14,card,5125.63,7,4,4.175,1554.4400000000005,electronics,"{""beauty"": 2, ""electronics"": 4, ""sports"": 1}"
o0000400,s0005118,u001118,2026-01-12 19:44:02,upi,12190.34,6,4,3.85,4332.26,electronics,"{""books"": 1, ""electronics"": 2, ""fashion"": 2, ""home"": 1}"
o0000401,s0005123,guest,2025-12-01 01:45:24,wallet,8811.22,8,4,4.075,2756.629999999999,electronics,"{""beauty"": 3, ""electronics"": 3, ""sports"": 2}"
o0000402,s0005135,u000437,2025-10-30 06:59:19,card,2006.3,1,1,5.0,973.0,electronics,"{""electronics"": 1}"
o0000403,s0005141,u000581,2025-11-11 09:04:19,cod,1327.24,1,1,3.9,589.0,sports,"{""sports"": 1}"
o0000404,s0005144,u001086,2025-12-13 19:39:25,card,8156.74,8,4,4.425,2696.54,sports,"{""beauty"": 2, ""fashion"": 2, ""sports"": 4}"
o0000405,s0005157,u001726,2025-11-02 20:01:46,upi,19970.042499999996,11,4,4.2,4684.992499999997,books,"{""beauty"": 3, ""books"": 6, ""home"": 2}"
o0000406,s0005181,u001744,2025-12-12 07:43:19,upi,3810.64,2,1,3.5,709.6199999999999,electronics,"{""electronics"": 2}"
o0000407,s0005209,u001926,2025-11-26 16:28:17,upi,462.11,1,1,3.9,134.42000000000004,books,"{""books"": 1}"
o0000408,s0005214,u000670,2025-12-19 03:20:38,netbanking,1737.3,3,1,4.2,402.89,sports,"{""sports"": 3}"
o0000409,s0005215,u001536,2025-10-30 17:13:45,upi,7326.19,7,3,4.166666666666667,2998.659999999999,electronics,"{""beauty"": 2, ""electronics"": 3, ""sports"": 2}"
o0000410,s0005258,u000943,2025-12-28 16:52:17,upi,9700.77,5,3,4.366666666666666,3471.8999999999996,beauty,"{""beauty"": 4, ""fashion"": 1}"
o0000411,s0005278,u000207,2025-12-27 04:54:16,upi,11093.67,9,4,4.15,4735.08,fashion,"{""beauty"": 3, ""books"": 3, ""electronics"": 1, ""fashion"": 2}"
o0000412,s0005282,u002087,2025-10-29 10:37:14,upi,610.43,1,1,4.9,255.73999999999995,electronics,"{""electronics"": 1}"
o0000413,s0005286,u001946,2026-01-09 19:28:25,upi,7626.74,4,3,3.9333333333333336,2348.3199999999997,books,"{""books"": 3, ""electronics"": 1}"
o0000414,s0005289,u001172,2025-12-25 11:30:07,card,6725.88,7,3,4.133333333333333,2854.69,electronics,"{""beauty"": 1, ""electronics"": 3, ""home"": 3}"
o0000415,s0005296,u001870,2025-12-03 02:50:50,cod,4235.67,3,1,4.7,914.6100000000001,home,"{""home"": 3}"
o0000416,s0005319,guest,2025-11-17 20:34:11,upi,3105.59,2,1,4.5,1259.2300000000002,home,"{""home"": 2}"
o0000417,s0005332,u000250,2026-01-02 20:11:38,cod,3388.02,3,2,4.35,1384.83,books,"{""books"": 1, ""sports"": 2}"
o0000418,s0005341,u000450,2025-11-09 18:11:00,wallet,13453.45,10,4,4.175000000000001,5495.010000000001,home,"{""electronics"": 2, ""home"": 6, ""sports"": 2}"
o0000419,s0005356,u001221,2025-12-19 18:53:26,upi,8909.17,9,4,3.8,3358.34,home,"{""electronics"": 3, ""home"": 3, ""sports"": 3}"
o0000420,s0005412,u001927,2025-11-28 22:30:51,card,1579.18,1,1,4.2,497.45000000000005,beauty,"{""beauty"": 1}"
o0000421,s0005415,u001330,2025-11-11 20:43:06,cod,10512.1,7,4,4.025,4866.47,sports,"{""electronics"": 2, ""fashion"": 2, ""sports"": 3}"
o0000422,s0005438,u001715,2025-12-31 04:43:18,card,6070.51,6,4,4.325,1691.6599999999999,sports,"{""fashion"": 2, ""sports"": 4}"
o0000423,s0005467,u001797,2025-11-03 16:25:51,card,682.19,1,1,3.7,173.18000000000004,books,"{""books"": 1}"
o0000424,s0005473,u001938,2025-11-08 00:51:47,card,3376.38,2,2,4.5,1082.5500000000002,home,"{""electronics"": 1, ""home"": 1}"
o0000425,s0005480,u000241,2025-11-24 19:13:57,wallet,10023.12,7,4,3.875,3620.1100000000006,fashion,"{""books"": 1, ""electronics"": 3, ""fashion"": 3}"
o0000426,s0005483,u001407,2026-01-09 20:11:54,upi,4797.01,5,2,4.25,1695.7700000000004,beauty,"{""beauty"": 3, ""electronics"": 2}"
o0000427,s0005515,u001530,2026-01-06 19:24:35,upi,12731.95,6,4,4.375,5893.240000000002,electronics,"{""electronics"": 4, ""fashion"": 1, ""home"": 1}"
o0000428,s0005524,u002046,2025-11-29 16:00:35,netbanking,11588.58,9,4,4.175,3098.26,home,"{""electronics"": 2, ""fashion"": 2, ""home"": 5}"
o0000429,s0005565,guest,2025-11-07 04:54:22,wallet,8147.07,11,4,3.975,2225.5,books,"{""beauty"": 3, ""books"": 3, ""fashion"": 3, ""sports"": 2}"
o0000430,s0005580,u000568,2025-10-27 11:23:51,upi,19970.042499999996,3,1,4.6,16093.832499999997,beauty,"{""beauty"": 3}"
o0000431,s0005581,u001753,2025-12-21 12:37:05,wallet,2884.87,3,1,4.2,1241.56,home,"{""home"": 3}"
o0000432,s0005593,u000995,2025-11-05 07:29:22,wallet,8807.1,8,3,4.266666666666667,2910.66,electronics,"{""electronics"": 6, ""home"": 2}"
o0000433,s0005615,u000157,2026-01-04 15:20:57,cod,6058.84,5,3,4.433333333333334,2238.8,home,"{""home"": 3, ""sports"": 2}"
o0000434,s0005618,guest,2025-12-14 06:12:22,wallet,4583.15,4,4,4.025,1240.1699999999996,home,"{""beauty"": 1, ""books"": 1, ""electronics"": 1, ""home"": 1}"
o0000435,s0005667,u001962,2025-11-16 13:35:33,card,6879.72,5,2,3.95,3321.6200000000003,beauty,"{""beauty"": 3, ""electronics"": 2}"
o0000436,s0005682,guest,2025-12-26 22:41:15,upi,8922.78,7,3,4.266666666666667,2464.25,electronics,"{""electronics"": 5, ""fashion"": 2}"
o0000437,s0005693,u000798,2025-12-12 15:53:11,wallet,1879.37,2,2,4.2,836.1999999999998,sports,"{""beauty"": 1, ""sports"": 1}"
o0000438,s0005704,u000431,2026-01-03 12:08:29,card,562.97,1,1,4.2,124.47,electronics,"{""electronics"": 1}"
o0000439,s0005717,guest,2025-11-03 14:15:58,upi,3331.36,2,1,3.7,1646.66,electronics,"{""electronics"": 2}"
o0000440,s0005735,u001196,2025-12-25 09:48:49,card,3916.66,3,2,3.95,1586.96,home,"{""beauty"": 1, ""home"": 2}"
o0000441,s0005736,u000480,2025-10-24 16:31:21,card,7908.64,7,3,4.233333333333333,2994.9800000000005,home,"{""beauty"": 3, ""electronics"": 1, ""home"": 3}"
o0000442,s0005742,u000732,2025-11-10 03:30:57,upi,8216.83,9,4,3.725,3547.2199999999993,sports,"{""books"": 1, ""electronics"": 2, ""sports"": 6}"
o0000443,s0005747,u000163,2025-12-15 20:22:28,upi,7014.68,8,4,4.275,2475.7300000000005,beauty,"{""beauty"": 3, ""books"": 2, ""fashion"": 1, ""sports"": 2}"
o0000444,s0005755,u001861,2025-12-03 13:50:13,card,3784.18,2,1,4.3,1878.86,beauty,"{""beauty"": 2}"
o0000445,s0005778,u001787,2025-11-10 12:27:48,netbanking,4901.78,3,1,4.3,2356.52,fashion,"{""fashion"": 3}"
o0000446,s0005785,guest,2026-01-01 12:11:34,upi,6284.46,5,2,3.85,1602.1499999999996,beauty,"{""beauty"": 2, ""electronics"": 3}"
o0000447,s0005791,u000798,2025-11-01 18:44:02,card,5314.49,5,2,3.8,1954.46,electronics,"{""electronics"": 5}"
o0000448,s0005812,u001258,2025-11-06 07:47:11,card,8130.77,4,2,4.0,3450.0300000000007,sports,"{""fashion"": 1, ""sports"": 3}"
o0000449,s0005816,u000801,2025-10-31 06:49:16,wallet,3028.3,2,1,3.9,741.9200000000001,beauty,"{""beauty"": 2}"
o0000450,s0005818,u000876,2025-10-29 03:45:19,card,3894.89,4,2,4.050000000000001,962.4299999999998,home,"{""electronics"": 2, ""home"": 2}"
o0000451,s0005843,u001022,2025-10-31 01:02:46,card,3036.46,3,2,4.2,779.0900000000001,home,"{""books"": 1, ""home"": 2}"
o0000452,s0005851,u000367,2025-12-09 03:07:09,card,8726.35,6,2,4.300000000000001,3583.6900000000005,beauty,"{""beauty"": 3, ""sports"": 3}"
o0000453,s0005861,u001918,2025-12-19 01:01:33,upi,11401.8,10,4,4.175,4345.319999999999,sports,"{""fashion"": 3, ""home"": 2, ""sports"": 5}"
o0000454,s0005867,guest,2026-01-16 01:40:52,upi,4052.78,5,4,4.225,1551.17,beauty,"{""beauty"": 1, ""electronics"": 1, ""fashion"": 2, ""sports"": 1}"
o0000455,s0005891,u000488,2025-10-31 04:40:06,card,13319.73,7,4,3.45,5639.92,fashion,"{""beauty"": 2, ""books"": 2, ""fashion"": 3}"
o0000456,s0005896,u001700,2025-11-02 19:00:05,card,12753.39,7,3,4.066666666666667,4132.43,fashion,"{""books"": 2, ""fashion"": 2, ""home"": 3}"
o0000457,s0005912,u001050,2025-12-10 13:19:28,netbanking,4756.11,5,2,4.05,1834.5299999999997,electronics,"{""books"": 2, ""electronics"": 3}"
o0000458,s0005917,u001937,2025-12-11 05:38:04,upi,3923.05,3,1,4.0,1076.2900000000004,electronics,"{""electronics"": 3}"
o0000459,s0005918,u001086,2025-11-03 20:27:39,card,8529.4,5,3,3.8666666666666667,3988.079999999999,sports,"{""fashion"": 1, ""sports"": 4}"
o0000460,s0005926,u000610,2025-11-09 05:26:36,upi,11100.88,6,3,4.033333333333333,3402.58,books,"{""books"": 3, ""sports"": 3}"
o0000461,s0005947,u001522,2025-11-25 06:20:43,wallet,768.56,3,1,5.0,138.30999999999995,sports,"{""sports"": 3}"
o0000462,s0005993,u001070,2025-11-15 17:13:26,upi,5790.93,5,3,4.2,2021.0000000000005,home,"{""beauty"": 1, ""electronics"": 1, ""home"": 3}"
o0000463,s0005997,u001640,2026-01-17 01:10:07,upi,3825.62,5,3,4.2,1033.77,home,"{""fashion"": 1, ""home"": 4}"
o0000464,s0005999,guest,2025-11-04 21:48:11,upi,5442.43,6,3,4.5,2576.0600000000004,sports,"{""home"": 2, ""sports"": 4}"
o0000465,s0006011,u000997,2026-01-03 22:32:40,wallet,6716.89,5,2,3.9499999999999997,1543.9900000000007,sports,"{""home"": 2, ""sports"": 3}"
o0000466,s0006030,guest,2026-01-06 18:57:21,netbanking,2615.54,3,3,3.9000000000000004,994.8600000000001,home,"{""books"": 1, ""home"": 2}"
o0000467,s0006055,u001016,2025-12-22 22:55:33,upi,12848.26,6,4,4.225,4739.360000000001,beauty,"{""beauty"": 3, ""electronics"": 1, ""fashion"": 2}"
o0000468,s0006061,u001445,2025-12-08 22:27:35,card,11311.56,8,4,3.85,4502.87,fashion,"{""beauty"": 1, ""books"": 1, ""fashion"": 3, ""sports"": 3}"
o0000469,s0006063,u000826,2025-11-14 07:49:52,upi,5210.64,5,4,4.2,1804.8100000000004,home,"{""beauty"": 1, ""books"": 1, ""fashion"": 2, ""home"": 1}"
o0000470,s0006072,u001501,2025-11-25 05:29:39,upi,12202.44,7,4,4.15,3433.970000000001,sports,"{""home"": 3, ""sports"": 4}"
o0000471,s0006092,u000101,2025-12-04 14:05:19,card,6894.45,7,4,4.325,2322.2300000000005,fashion,"{""books"": 2, ""electronics"": 1, ""fashion"": 4}"
o0000472,s0006102,u001745,2025-11-25 13:56:38,cod,3827.49,5,2,4.300000000000001,1786.4199999999996,electronics,"{""electronics"": 2, ""fashion"": 3}"
o0000473,s0006125,u001827,2025-11-28 03:24:09,upi,5435.57,4,3,4.033333333333333,2667.7699999999995,sports,"{""home"": 2, ""sports"": 2}"
o0000474,s0006126,u002006,2025-10-23 17:54:15,upi,4820.57,4,3,4.333333333333333,1478.04,electronics,"{""books"": 1, ""electronics"": 2, ""home"": 1}"
o0000475,s0006129,u001819,2025-11-19 03:39:43,netbanking,8684.34,4,2,3.9,4148.13,books,"{""books"": 3, ""electronics"": 1}"
o0000476,s0006141,u000448,2025-12-14 17:58:13,card,1660.31,1,1,4.0,649.9699999999999,books,"{""books"": 1}"
o0000477,s0006143,u001037,2025-12-26 12:54:22,cod,19228.11,10,4,4.1,7836.25,books,"{""beauty"": 1, ""books"": 6, ""sports"": 3}"
o0000478,s0006154,u001258,2025-11-18 14:26:10,netbanking,6301.51,2,1,4.2,1267.4499999999998,books,"{""books"": 2}"
o0000479,s0006159,guest,2025-11-13 20:19:21,upi,3504.3,2,2,3.7,1246.5,books,"{""books"": 1, ""electronics"": 1}"
o0000480,s0006176,u001140,2025-11-26 00:04:27,card,1984.79,1,1,3.5,434.28,electronics,"{""electronics"": 1}"
o0000481,s0006192,u001829,2025-12-21 10:16:02,card,4758.87,5,3,3.766666666666666,1526.9799999999996,books,"{""beauty"": 1, ""books"": 4}"
o0000482,s0006195,u001534,2025-10-29 10:36:16,cod,4620.81,4,2,3.8,1118.4900000000007,fashion,"{""fashion"": 2, ""sports"": 2}"
o0000483,s0006204,u000938,2025-11-06 14:05:58,netbanking,14296.77,9,4,4.125,5208.780000000001,books,"{""books"": 5, ""fashion"": 1, ""home"": 3}"
o0000484,s0006208,guest,2025-11-02 19:45:53,upi,7616.26,6,3,4.533333333333334,3482.4100000000008,fashion,"{""electronics"": 2, ""fashion"": 4}"
o0000485,s0006219,u000227,2025-12-17 11:34:39,card,8111.82,3,1,3.7,2521.8,sports,"{""sports"": 3}"
o0000486,s0006228,u000256,2025-10-21 14:41:34,upi,2028.91,2,1,3.5,995.2900000000002,books,"{""books"": 2}"
o0000487,s0006237,u001836,2025-11-05 10:04:33,card,2979.49,3,3,3.966666666666667,1068.8999999999996,electronics,"{""beauty"": 1, ""books"": 1, ""electronics"": 1}"
o0000488,s0006263,u002095,2026-01-09 09:12:02,upi,7259.39,3,3,3.8666666666666667,2865.6800000000003,books,"{""books"": 2, ""home"": 1}"
o0000489,s0006264,u000326,2025-12-25 04:16:08,card,11084.73,7,4,4.2,4077.3199999999997,electronics,"{""beauty"": 2, ""books"": 1, ""electronics"": 2, ""home"": 2}"
o0000490,s0006273,u000378,2026-01-01 12:18:31,wallet,8883.0,7,3,4.033333333333333,3013.7699999999995,sports,"{""home"": 2, ""sports"": 5}"
o0000491,s0006279,u001425,2025-12-23 00:57:09,wallet,9287.05,3,2,3.95,3405.919999999999,home,"{""electronics"": 1, ""home"": 2}"
o0000492,s0006284,u000966,2025-12-02 14:51:48,wallet,3768.43,3,1,3.8,820.4499999999998,sports,"{""sports"": 3}"
o0000493,s0006294,u002154,2025-12-25 13:36:17,wallet,8468.81,6,3,3.8333333333333335,2600.529999999999,electronics,"{""books"": 2, ""electronics"": 2, ""home"": 2}"
o0000494,s0006306,guest,2025-12-27 20:03:27,card,7802.09,5,4,4.325,2938.2999999999993,beauty,"{""beauty"": 2, ""books"": 1, ""electronics"": 1, ""home"": 1}"
o0000495,s0006310,u000281,2025-11-10 21:19:03,netbanking,14921.68,10,4,4.225,5804.76,sports,"{""beauty"": 3, ""electronics"": 2, ""home"": 2, ""sports"": 3}"
o0000496,s0006312,guest,2025-10-30 14:28:10,upi,3256.37,3,2,3.5999999999999996,1172.1999999999998,electronics,"{""electronics"": 2, ""fashion"": 1}"
o0000497,s0006313,u000789,2026-01-15 19:01:18,upi,1033.15,1,1,4.2,420.5000000000001,home,"{""home"": 1}"
o0000498,s0006335,u001996,2026-01-19 09:08:01,upi,3169.21,3,1,4.6,1143.8200000000002,books,"{""books"": 3}"
o0000499,s0006356,guest,2026-01-10 12:11:18,wallet,16384.87,6,3,3.733333333333333,5619.389999999999,sports,"{""books"": 2, ""electronics"": 2, ""sports"": 2}"
o0000500,s0006363,u000987,2026-01-15 21:27:03,wallet,7335.45,5,3,4.266666666666667,2335.8499999999995,books,"{""beauty"": 1, ""books"": 2, ""home"": 2}"
o0000501,s0006369,u001133,2025-11-07 16:26:49,netbanking,11016.24,9,4,4.025,3777.2199999999993,sports,"{""books"": 5, ""sports"": 4}"
o0000502,s0006432,u001414,2025-12-15 23:07:16,netbanking,16236.94,11,4,4.25,5985.51,books,"{""books"": 2, ""home"": 3, ""sports"": 6}"
o0000503,s0006442,u001970,2025-11-27 06:33:11,upi,10973.11,7,3,4.266666666666667,2875.8999999999996,books,"{""beauty"": 3, ""books"": 3, ""home"": 1}"
o0000504,s0006446,u000113,2025-11-05 23:33:47,card,4696.73,3,1,3.6,1070.6299999999992,home,"{""home"": 3}"
o0000505,s0006447,u000944,2026-01-14 09:16:56,card,11336.54,10,4,4.1,3255.210000000001,beauty,"{""beauty"": 6, ""books"": 3, ""fashion"": 1}"
o0000506,s0006463,u000389,2026-01-04 01:46:05,card,2777.81,2,2,4.35,1119.4499999999998,sports,"{""home"": 1, ""sports"": 1}"
o0000507,s0006466,u000042,2026-01-11 04:13:19,card,595.56,1,1,4.9,245.30999999999995,electronics,"{""electronics"": 1}"
o0000508,s0006478,u001183,2025-12-31 17:14:06,upi,8662.76,6,2,3.7,2042.6900000000005,books,"{""beauty"": 3, ""books"": 3}"
o0000509,s0006488,u000082,2026-01-12 11:52:48,upi,8970.92,6,2,4.2,2827.16,electronics,"{""books"": 3, ""electronics"": 3}"
o0000510,s0006491,u001420,2025-10-25 16:29:27,upi,13805.39,9,3,4.5,5767.58,electronics,"{""electronics"": 3, ""fashion"": 3, ""home"": 3}"
o0000511,s0006529,u001166,2025-12-07 03:14:24,card,1643.61,1,1,4.7,514.5199999999998,home,"{""home"": 1}"
o0000512,s0006539,u001323,2026-01-06 06:02:05,card,5189.95,3,1,4.2,1399.5999999999995,books,"{""books"": 3}"
o0000513,s0006546,u000447,2025-10-31 10:25:00,wallet,8204.92,7,4,4.45,2811.8099999999995,fashion,"{""fashion"": 6, ""sports"": 1}"
o0000514,s0006562,u000438,2025-11-06 09:48:24,upi,1576.89,2,1,4.1,616.2200000000001,books,"{""books"": 2}"
o0000515,s0006564,u001796,2025-12-16 05:16:10,card,540.66,1,1,4.5,245.03999999999994,fashion,"{""fashion"": 1}"
o0000516,s0006567,u000996,2026-01-02 01:03:49,upi,5288.0,5,3,4.3999999999999995,1982.4099999999999,electronics,"{""electronics"": 2, ""fashion"": 3}"
o0000517,s0006580,u002138,2025-10-28 06:31:00,cod,3569.39,4,3,4.666666666666667,1722.62,fashion,"{""fashion"": 4}"
o0000518,s0006594,u000169,2025-12-02 02:56:55,upi,4225.99,6,4,3.975,1572.8899999999999,sports,"{""electronics"": 3, ""sports"": 3}"
o0000519,s0006600,u001473,2025-11-14 17:03:32,cod,12030.42,6,3,4.333333333333333,4474.42,books,"{""books"": 4, ""electronics"": 2}"
o0000520,s0006618,u000748,2025-12-23 20:56:50,upi,7695.28,8,3,4.0,3262.21,electronics,"{""electronics"": 3, ""home"": 2, ""sports"": 3}"
o0000521,s0006625,u002134,2025-12-13 18:59:12,wallet,6391.34,6,3,3.966666666666667,1992.3000000000002,books,"{""books"": 4, ""sports"": 2}"
o0000522,s0006629,u002079,2025-12-19 08:17:30,upi,4923.49,5,2,3.7,1483.0099999999998,sports,"{""home"": 2, ""sports"": 3}"
o0000523,s0006661,u000224,2026-01-09 19:06:07,card,11804.6,8,4,4.05,5098.55,fashion,"{""beauty"": 2, ""electronics"": 1, ""fashion"": 5}"
o0000524,s0006665,u001633,2025-11-21 03:41:44,wallet,2847.4,4,2,3.8499999999999996,936.5799999999999,electronics,"{""books"": 2, ""electronics"": 2}"
o0000525,s0006666,u000407,2025-12-07 09:44:15,card,1777.1,2,1,4.0,341.6,electronics,"{""electronics"": 2}"
o0000526,s0006667,u000258,2026-01-12 11:55:50,card,5082.46,4,2,3.8499999999999996,2399.7,sports,"{""beauty"": 2, ""sports"": 2}"
o0000527,s0006668,guest,2025-11-08 11:04:37,card,6341.83,4,2,4.3,2047.6900000000005,electronics,"{""electronics"": 3, ""sports"": 1}"
o0000528,s0006671,u000387,2025-12-02 00:21:48,upi,4355.33,4,2,3.7,2088.31,sports,"{""electronics"": 1, ""sports"": 3}"
o0000529,s0006674,u001182,2025-11-28 03:40:11,upi,3510.48,5,3,3.9000000000000004,1081.3200000000002,sports,"{""beauty"": 2, ""books"": 1, ""sports"": 2}"
o0000530,s0006687,guest,2025-11-21 21:52:53,card,7580.46,6,3,3.9,3347.2799999999997,sports,"{""beauty"": 2, ""electronics"": 1, ""sports"": 3}"
o0000531,s0006715,u000655,2025-11-25 09:47:29,netbanking,10379.08,8,4,4.075,4132.91,home,"{""fashion"": 1, ""home"": 3, ""sports"": 4}"
o0000532,s0006718,u000704,2025-11-04 06:59:40,cod,3417.09,6,2,4.5,1005.6599999999999,beauty,"{""beauty"": 6}"
o0000533,s0006768,u001856,2025-11-13 08:29:26,netbanking,3753.22,4,2,4.05,1574.4499999999998,books,"{""books"": 3, ""sports"": 1}"
o0000534,s0006789,u000382,2026-01-03 14:18:21,upi,3522.63,1,1,4.9,1708.0900000000001,fashion,"{""fashion"": 1}"
o0000535,s0006805,u000196,2025-12-31 20:51:04,upi,2865.2,4,3,4.6000000000000005,938.3499999999999,fashion,"{""electronics"": 1, ""fashion"": 2, ""sports"": 1}"
o0000536,s0006809,u001004,2025-11-05 22:28:19,cod,1405.0,1,1,3.6,453.53999999999996,beauty,"{""beauty"": 1}"
o0000537,s0006832,guest,2025-12-03 20:06:26,upi,1767.68,3,1,4.2,471.9200000000001,beauty,"{""beauty"": 3}"
o0000538,s0006833,u001973,2025-12-06 11:26:44,upi,9654.97,8,4,4.15,3609.5,books,"{""books"": 4, ""electronics"": 1, ""sports"": 3}"
o0000539,s0006866,u000420,2025-11-13 15:04:21,upi,1450.06,1,1,3.9,464.13999999999993,books,"{""books"": 1}"
o0000540,s0006882,u000338,2026-01-11 02:24:45,card,14796.26,9,4,4.15,5341.66,sports,"{""electronics"": 2, ""fashion"": 2, ""sports"": 5}"
o0000541,s0006899,u001455,2025-12-24 03:47:27,netbanking,1746.02,2,2,4.0,419.39,electronics,"{""electronics"": 1, ""fashion"": 1}"
o0000542,s0006902,u000529,2025-12-06 13:45:27,upi,1815.18,2,1,4.0,334.53000000000014,electronics,"{""electronics"": 2}"
o0000543,s0006904,u002005,2025-11-20 02:19:58,card,14051.04,7,3,3.8000000000000003,5959.380000000001,books,"{""beauty"": 3, ""books"": 3, ""home"": 1}"
o0000544,s0006917,u001730,2026-01-06 10:13:10,upi,7551.62,8,3,4.1000000000000005,1305.0900000000001,electronics,"{""beauty"": 3, ""electronics"": 3, ""sports"": 2}"
o0000545,s0006924,u000713,2025-12-17 04:51:23,card,16571.97,7,3,4.233333333333333,6375.640000000001,fashion,"{""electronics"": 4, ""fashion"": 3}"
o0000546,s0006931,u001655,2025-12-20 04:09:58,card,2438.46,1,1,4.3,1237.74,books,"{""books"": 1}"
o0000547,s0006943,u000215,2025-11-26 11:18:12,wallet,2105.88,2,1,4.8,696.6200000000001,sports,"{""sports"": 2}"
o0000548,s0006949,u000148,2025-11-23 00:50:48,cod,2405.75,3,1,4.4,1094.3000000000002,fashion,"{""fashion"": 3}"
o0000549,s0006952,u002182,2025-12-18 03:00:39,upi,6859.11,5,4,4.225,1943.6999999999998,fashion,"{""beauty"": 1, ""books"": 1, ""fashion"": 3}"
o0000550,s0006954,u000786,2025-12-23 21:36:09,card,5688.28,4,2,4.0,2265.72,fashion,"{""books"": 1, ""fashion"": 3}"
o0000551,s0006994,guest,2026-01-15 08:02:51,upi,9788.57,10,4,3.95,3145.709999999999,books,"{""beauty"": 2, ""books"": 3, ""electronics"": 2, ""fashion"": 3}"
o0000552,s0007012,u000204,2025-11-23 19:31:22,upi,10781.8,11,4,3.9749999999999996,4391.259999999999,fashion,"{""books"": 2, ""fashion"": 6, ""sports"": 3}"
o0000553,s0007017,u001533,2025-12-09 03:32:33,card,2285.63,4,2,4.35,973.4500000000003,electronics,"{""beauty"": 1, ""electronics"": 3}"
o0000554,s0007022,u001150,2025-10-31 09:42:19,upi,19970.042499999996,9,3,3.8000000000000003,7197.692499999996,electronics,"{""books"": 6, ""electronics"": 3}"
o0000555,s0007034,u001712,2026-01-11 19:15:07,upi,9708.29,4,3,3.733333333333333,2476.170000000001,electronics,"{""books"": 1, ""electronics"": 3}"
o0000556,s0007049,guest,2025-12-18 14:14:52,wallet,2433.87,3,2,4.1,938.73,electronics,"{""electronics"": 1, ""fashion"": 2}"
o0000557,s0007081,u000249,2025-11-03 09:30:12,upi,8472.8,7,4,4.05,3050.5999999999985,beauty,"{""beauty"": 3, ""electronics"": 1, ""home"": 1, ""sports"": 2}"
o0000558,s0007093,u001350,2025-12-10 22:21:25,upi,10971.11,9,4,4.125,4514.790000000001,electronics,"{""books"": 3, ""electronics"": 4, ""fashion"": 2}"
o0000559,s0007108,u000211,2025-12-01 03:11:40,upi,11109.92,8,4,4.125,3403.33,books,"{""beauty"": 1, ""books"": 7}"
o0000560,s0007112,u002058,2025-11-02 09:51:30,upi,4249.13,4,3,4.033333333333334,1439.1600000000003,electronics,"{""beauty"": 1, ""electronics"": 1, ""sports"": 2}"
o0000561,s0007114,u001527,2025-12-16 16:20:27,card,2274.39,2,1,3.6,571.9499999999998,books,"{""books"": 2}"
o0000562,s0007129,u000944,2026-01-19 05:57:53,card,5081.38,7,3,4.333333333333333,1018.9000000000001,fashion,"{""electronics"": 3, ""fashion"": 3, ""sports"": 1}"
o0000563,s0007159,u001523,2025-12-09 04:35:37,card,9833.39,4,2,4.1,3981.3499999999995,home,"{""books"": 2, ""home"": 2}"
o0000564,s0007165,guest,2025-12-29 04:48:27,cod,5671.62,6,4,4.375,1589.48,beauty,"{""beauty"": 4, ""electronics"": 2}"
o0000565,s0007175,u000198,2025-12-12 01:00:34,card,4823.63,3,2,4.1,1818.1200000000003,electronics,"{""electronics"": 2, ""home"": 1}"
o0000566,s0007178,u001995,2026-01-14 12:05:30,netbanking,6409.11,7,4,4.125,2587.2,beauty,"{""beauty"": 3, ""books"": 2, ""electronics"": 2}"
o0000567,s0007190,u000110,2025-12-16 01:26:55,netbanking,7500.35,8,3,3.9,2435.16,books,"{""books"": 2, ""fashion"": 3, ""home"": 3}"
o0000568,s0007197,guest,2025-12-31 05:07:59,upi,2639.11,3,1,3.9,1363.63,fashion,"{""fashion"": 3}"
o0000569,s0007199,u001200,2025-11-20 02:13:04,upi,3392.14,4,2,3.5,924.6799999999998,home,"{""home"": 2, ""sports"": 2}"
o0000570,s0007200,guest,2025-11-22 14:39:30,cod,9028.92,4,3,4.4,3858.5,books,"{""beauty"": 2, ""books"": 1, ""electronics"": 1}"
o0000571,s0007211,u002120,2026-01-06 21:33:04,upi,7924.67,5,2,4.7,2902.8,electronics,"{""electronics"": 5}"
o0000572,s0007222,u001056,2025-12-28 08:15:23,wallet,11440.77,6,3,3.8000000000000003,3633.01,sports,"{""books"": 2, ""electronics"": 2, ""sports"": 2}"
o0000573,s0007254,u001372,2026-01-11 11:42:46,upi,3114.71,2,1,4.7,667.25,home,"{""home"": 2}"
o0000574,s0007265,u000280,2025-12-03 01:53:51,wallet,4107.71,2,2,3.65,1490.5900000000001,beauty,"{""beauty"": 2}"
o0000575,s0007269,u000142,2025-12-21 23:39:21,card,14730.09,8,3,4.0,4158.110000000001,books,"{""books"": 6, ""electronics"": 2}"
o0000576,s0007276,u001490,2025-10-22 13:57:29,wallet,3276.27,3,2,4.15,811.5799999999999,sports,"{""home"": 1, ""sports"": 2}"
o0000577,s0007287,u000816,2026-01-14 22:12:19,cod,3873.1,3,2,4.3,1236.77,sports,"{""beauty"": 1, ""sports"": 2}"
o0000578,s0007315,u001486,2025-12-02 19:06:13,upi,6769.93,10,4,4.2,2850.8,fashion,"{""books"": 3, ""electronics"": 2, ""fashion"": 5}"
o0000579,s0007317,u001283,2025-11-17 05:17:29,card,3802.34,2,2,4.75,1892.6300000000003,electronics,"{""electronics"": 1, ""fashion"": 1}"
o0000580,s0007324,u001919,2025-12-29 08:06:50,cod,11917.86,5,3,4.066666666666666,3754.8200000000015,sports,"{""books"": 1, ""electronics"": 1, ""sports"": 3}"
o0000581,s0007329,u002077,2025-10-24 15:35:28,upi,9129.69,5,3,4.333333333333333,3667.8,fashion,"{""electronics"": 1, ""fashion"": 4}"
o0000582,s0007338,u001933,2025-12-27 13:50:44,card,1519.16,3,1,3.6,727.6500000000001,home,"{""home"": 3}"
o0000583,s0007347,u000535,2025-12-26 13:43:48,upi,6736.02,4,3,3.9,2121.580000000001,electronics,"{""electronics"": 2, ""fashion"": 2}"
o0000584,s0007355,u000794,2026-01-07 05:42:11,upi,4474.05,5,2,3.85,1211.1600000000003,home,"{""home"": 3, ""sports"": 2}"
o0000585,s0007411,guest,2026-01-18 09:07:15,card,4083.54,5,2,4.1,1547.9499999999998,beauty,"{""beauty"": 3, ""electronics"": 2}"
o0000586,s0007443,u001379,2026-01-12 07:53:28,card,18066.44,10,4,4.2,7225.269999999999,home,"{""home"": 8, ""sports"": 2}"
o0000587,s0007444,u000509,2025-12-19 17:10:32,wallet,7723.78,8,3,4.033333333333334,2788.45,home,"{""home"": 5, ""sports"": 3}"
o0000588,s0007445,guest,2025-11-07 12:01:14,upi,7485.68,6,3,4.266666666666667,2128.42,sports,"{""fashion"": 2, ""sports"": 4}"
o0000589,s0007456,u001334,2025-11-11 18:25:16,upi,3236.55,3,2,4.25,1377.0600000000002,home,"{""fashion"": 1, ""home"": 2}"
o0000590,s0007466,u001883,2026-01-16 17:06:42,cod,6848.2,5,2,4.1,1463.2600000000002,books,"{""books"": 3, ""home"": 2}"
o0000591,s0007471,u000476,2025-10-26 14:28:57,wallet,5940.5,5,2,4.45,2606.26,beauty,"{""beauty"": 2, ""home"": 3}"
o0000592,s0007479,u000649,2025-12-25 01:29:35,card,2313.82,1,1,4.3,1113.1000000000001,books,"{""books"": 1}"
o0000593,s0007490,u000292,2026-01-04 22:08:23,wallet,17094.8,6,3,4.466666666666667,4380.829999999998,books,"{""beauty"": 2, ""books"": 3, ""fashion"": 1}"
o0000594,s0007494,guest,2025-11-19 19:58:38,card,13766.66,5,2,3.95,5505.0,books,"{""books"": 3, ""sports"": 2}"
o0000595,s0007504,u000978,2025-12-11 16:52:14,wallet,8269.67,8,4,4.275,3267.710000000001,sports,"{""beauty"": 1, ""electronics"": 3, ""sports"": 4}"
o0000596,s0007521,u000338,2026-01-14 15:59:58,wallet,12650.58,10,4,4.025,4425.039999999999,sports,"{""electronics"": 2, ""home"": 2, ""sports"": 6}"
o0000597,s0007530,u000551,2025-11-12 02:05:56,card,2601.71,4,2,3.95,937.01,fashion,"{""fashion"": 4}"
o0000598,s0007540,guest,2026-01-05 11:24:20,card,7069.76,8,4,4.05,2292.0600000000004,sports,"{""books"": 4, ""electronics"": 2, ""sports"": 2}"
o0000599,s0007543,u001935,2025-10-27 17:31:59,card,3372.66,3,2,4.05,1385.77,electronics,"{""electronics"": 2, ""sports"": 1}"
o0000600,s0007554,u001204,2025-10-28 19:48:04,upi,8053.59,6,3,4.1000000000000005,3668.9300000000003,books,"{""beauty"": 2, ""books"": 4}"
o0000601,s0007595,u000057,2025-12-21 11:28:23,card,3360.75,3,2,4.25,1339.01,books,"{""books"": 1, ""sports"": 2}"
o0000602,s0007597,u001748,2025-12-08 01:19:24,wallet,10007.23,8,4,4.25,3222.5099999999993,sports,"{""beauty"": 2, ""sports"": 6}"
o0000603,s0007617,u001761,2026-01-12 22:23:15,wallet,6060.2,5,3,4.233333333333333,1803.4099999999999,beauty,"{""beauty"": 2, ""books"": 2, ""home"": 1}"
o0000604,s0007621,u001486,2026-01-11 05:21:46,wallet,7496.22,8,4,4.275,3064.5200000000004,electronics,"{""beauty"": 2, ""electronics"": 6}"
o0000605,s0007643,u001509,2026-01-04 02:01:45,upi,9315.05,5,4,4.025,2594.829999999999,home,"{""electronics"": 1, ""fashion"": 1, ""home"": 3}"
o0000606,s0007685,u000753,2025-12-31 21:33:52,card,7070.31,5,3,4.466666666666667,2731.7400000000007,beauty,"{""beauty"": 4, ""home"": 1}"
o0000607,s0007689,u000206,2025-12-04 05:09:20,card,13218.3,10,4,4.025,5039.569999999999,sports,"{""electronics"": 3, ""fashion"": 3, ""sports"": 4}"
o0000608,s0007704,u000648,2025-10-21 20:05:05,card,4768.5,5,2,3.6,1680.87,beauty,"{""beauty"": 2, ""sports"": 3}"
o0000609,s0007708,u000626,2026-01-05 15:50:41,cod,16261.45,9,4,3.9749999999999996,6890.58,home,"{""beauty"": 1, ""fashion"": 3, ""home"": 3, ""sports"": 2}"
o0000610,s0007716,u001669,2026-01-13 05:19:46,upi,3318.19,1,1,4.2,1428.3500000000001,books,"{""books"": 1}"
o0000611,s0007721,guest,2025-11-12 10:46:30,wallet,3882.16,6,3,3.8333333333333335,1444.62,fashion,"{""books"": 1, ""fashion"": 5}"
o0000612,s0007730,u002077,2025-11-18 20:27:51,wallet,8267.28,7,4,4.075,2115.1100000000006,beauty,"{""beauty"": 3, ""books"": 2, ""electronics"": 1, ""sports"": 1}"
o0000613,s0007731,u001854,2025-10-23 13:39:28,card,1682.0,1,1,4.1,585.12,books,"{""books"": 1}"
o0000614,s0007751,u002139,2025-12-23 15:40:44,card,4945.14,2,2,4.5,1520.88,fashion,"{""fashion"": 2}"
o0000615,s0007769,guest,2025-11-12 22:54:15,wallet,3816.73,6,3,4.0,1097.6399999999999,home,"{""electronics"": 2, ""fashion"": 1, ""home"": 3}"
o0000616,s0007789,u002161,2025-10-27 19:48:00,wallet,7558.89,8,4,4.475,2216.3500000000004,fashion,"{""beauty"": 2, ""books"": 1, ""fashion"": 5}"
o0000617,s0007827,guest,2026-01-03 19:42:59,card,14035.26,9,4,4.1499999999999995,5415.719999999999,fashion,"{""books"": 2, ""electronics"": 1, ""fashion"": 3, ""sports"": 3}"
o0000618,s0007837,u000400,2025-11-23 08:48:00,cod,12868.98,9,4,3.8499999999999996,5009.78,sports,"{""beauty"": 4, ""fashion"": 3, ""sports"": 2}"
o0000619,s0007859,u001541,2025-11-02 13:11:31,upi,9970.72,7,3,4.333333333333333,3565.539999999999,books,"{""books"": 2, ""electronics"": 2, ""fashion"": 3}"
o0000620,s0007870,u001049,2026-01-08 14:34:26,wallet,2568.39,3,1,4.6,1050.81,fashion,"{""fashion"": 3}"
o0000621,s0007874,u000439,2025-11-12 21:34:32,upi,5887.1,7,3,3.8000000000000003,2512.76,fashion,"{""electronics"": 2, ""fashion"": 5}"
o0000622,s0007879,u000578,2025-11-06 10:20:12,wallet,3237.93,2,1,4.0,1416.1699999999998,books,"{""books"": 2}"
o0000623,s0007898,u000887,2025-12-24 20:47:30,card,2710.42,2,1,4.1,1288.2,beauty,"{""beauty"": 2}"
o0000624,s0007928,guest,2025-10-27 19:22:13,upi,10415.75,8,4,4.375,4849.76,fashion,"{""electronics"": 2, ""fashion"": 3, ""home"": 1, ""sports"": 2}"
o0000625,s0007933,u002036,2025-12-24 07:55:09,card,3421.01,3,1,5.0,1285.4300000000003,electronics,"{""electronics"": 3}"
o0000626,s0007942,u000957,2026-01-19 09:43:20,netbanking,10627.21,8,4,4.025,2383.629999999999,home,"{""fashion"": 1, ""home"": 5, ""sports"": 2}"
o0000627,s0007953,u001781,2025-11-06 21:34:00,upi,13138.44,8,3,4.066666666666666,4754.08,books,"{""books"": 5, ""sports"": 3}"
o0000628,s0007954,u001295,2025-12-06 13:19:56,card,11549.12,8,4,4.275,3658.2700000000004,fashion,"{""electronics"": 1, ""fashion"": 5, ""home"": 2}"
o0000629,s0007970,u000951,2025-11-02 16:15:24,card,13947.37,6,4,4.025,6398.02,books,"{""books"": 1, ""electronics"": 1, ""fashion"": 2, ""sports"": 2}"
o0000630,s0007976,u001487,2025-12-06 16:18:32,card,3264.19,3,1,4.4,1431.58,electronics,"{""electronics"": 3}"
o0000631,s0007978,u000933,2025-12-13 09:52:21,card,9463.53,7,3,4.533333333333334,3663.6900000000005,fashion,"{""beauty"": 3, ""fashion"": 3, ""home"": 1}"
o0000632,s0007982,u000309,2025-12-24 08:10:01,wallet,11822.71,8,3,4.133333333333334,2446.699999999999,home,"{""home"": 6, ""sports"": 2}"
o0000633,s0007997,u001946,2025-11-15 14:20:53,upi,4885.9,4,2,4.2,1524.4699999999993,beauty,"{""beauty"": 3, ""home"": 1}"
o0000634,s0008034,u000586,2025-11-09 18:56:12,netbanking,1964.56,1,1,5.0,931.26,electronics,"{""electronics"": 1}"
o0000635,s0008039,u000512,2025-10-28 13:27:43,card,12682.2,8,4,4.199999999999999,5462.610000000001,electronics,"{""beauty"": 3, ""books"": 2, ""electronics"": 3}"
o0000636,s0008090,u000002,2025-11-14 09:34:01,netbanking,11632.7,9,4,4.225,5277.390000000001,beauty,"{""beauty"": 6, ""fashion"": 3}"
o0000637,s0008106,u001126,2025-10-25 02:42:22,wallet,3098.34,4,2,3.3,1307.64,sports,"{""books"": 2, ""sports"": 2}"
o0000638,s0008153,guest,2025-11-23 04:55:51,upi,7289.09,6,3,3.7999999999999994,2662.9800000000005,electronics,"{""electronics"": 3, ""fashion"": 1, ""sports"": 2}"
o0000639,s0008155,u001952,2025-10-28 09:46:38,card,8845.64,6,2,3.95,3305.8099999999995,electronics,"{""electronics"": 3, ""home"": 3}"
o0000640,s0008159,u002128,2025-12-17 21:46:51,netbanking,8558.07,5,2,4.35,3367.7,books,"{""beauty"": 3, ""books"": 2}"
o0000641,s0008167,guest,2025-12-24 10:44:04,card,5293.08,7,3,4.0,2254.1699999999996,beauty,"{""beauty"": 4, ""electronics"": 3}"
o0000642,s0008169,u000359,2026-01-02 22:37:05,upi,7760.97,6,2,4.5,2586.1800000000003,home,"{""electronics"": 3, ""home"": 3}"
o0000643,s0008181,u001205,2025-12-14 19:03:49,cod,15603.59,10,4,4.475,5633.01,electronics,"{""electronics"": 5, ""home"": 5}"
o0000644,s0008208,u002154,2025-12-04 17:53:47,wallet,8320.99,5,3,3.9,2199.7299999999996,electronics,"{""electronics"": 4, ""home"": 1}"
o0000645,s0008209,guest,2025-12-05 07:52:37,upi,8478.19,9,4,4.45,2255.9400000000005,electronics,"{""beauty"": 4, ""electronics"": 3, ""sports"": 2}"
o0000646,s0008210,u001615,2026-01-16 14:21:57,card,823.3,3,1,5.0,194.53999999999996,sports,"{""sports"": 3}"
o0000647,s0008239,u001610,2025-11-27 01:46:52,card,6095.55,6,4,4.2,1909.1099999999997,beauty,"{""beauty"": 4, ""books"": 1, ""home"": 1}"
o0000648,s0008253,u000070,2026-01-04 00:18:42,card,7896.56,4,3,4.566666666666666,2534.3,fashion,"{""fashion"": 2, ""home"": 2}"
o0000649,s0008261,u000673,2025-11-29 18:50:42,upi,5195.92,4,3,3.8333333333333335,1823.65,books,"{""beauty"": 1, ""books"": 2, ""fashion"": 1}"
o0000650,s0008264,u000775,2025-12-20 18:54:53,wallet,7736.67,8,3,3.933333333333333,2834.6100000000006,books,"{""books"": 3, ""electronics"": 3, ""fashion"": 2}"
o0000651,s0008319,u000289,2026-01-07 03:30:21,cod,11841.93,10,4,3.925,5215.39,home,"{""fashion"": 5, ""home"": 5}"
o0000652,s0008323,u001491,2025-12-14 07:38:04,wallet,6810.37,4,2,4.3,3225.88,sports,"{""sports"": 4}"
o0000653,s0008347,guest,2025-12-09 02:18:00,cod,5589.18,6,2,4.45,2306.67,beauty,"{""beauty"": 3, ""sports"": 3}"
o0000654,s0008362,u001793,2025-11-01 02:43:33,wallet,13216.96,5,3,4.0,5320.17,books,"{""books"": 3, ""fashion"": 1, ""sports"": 1}"
o0000655,s0008380,u000797,2025-11-22 21:36:59,upi,11610.16,5,2,4.5,3233.49,electronics,"{""electronics"": 2, ""fashion"": 3}"
o0000656,s0008391,u001588,2025-12-22 06:38:06,cod,1130.71,1,1,3.8,387.16,fashion,"{""fashion"": 1}"
o0000657,s0008400,guest,2025-11-21 09:52:58,upi,3280.02,4,4,4.175,919.0900000000001,home,"{""home"": 3, ""sports"": 1}"
o0000658,s0008404,u000990,2025-11-11 02:31:06,netbanking,18860.77,8,3,3.8333333333333335,8743.99,home,"{""electronics"": 3, ""home"": 5}"
o0000659,s0008408,u000685,2025-11-24 22:42:15,card,3780.77,6,3,3.5666666666666664,688.71,beauty,"{""beauty"": 3, ""electronics"": 1, ""home"": 2}"
o0000660,s0008410,u000241,2025-11-04 14:19:10,upi,5705.21,6,2,4.25,2216.03,fashion,"{""fashion"": 3, ""home"": 3}"
o0000661,s0008411,guest,2025-11-24 17:07:35,upi,3314.37,5,3,3.966666666666667,1089.13,home,"{""home"": 4, ""sports"": 1}"
o0000662,s0008412,u000255,2025-11-09 04:17:13,card,952.32,1,1,4.0,211.7100000000001,fashion,"{""fashion"": 1}"
o0000663,s0008446,u000146,2025-12-03 17:49:48,card,5871.83,6,2,3.7,2362.6099999999997,home,"{""beauty"": 3, ""home"": 3}"
o0000664,s0008454,u000382,2026-01-02 01:05:28,upi,1988.41,2,2,4.2,806.21,home,"{""beauty"": 1, ""home"": 1}"
o0000665,s0008460,u001732,2025-10-26 02:47:25,upi,2055.73,2,2,3.9,556.8700000000001,home,"{""home"": 2}"
o0000666,s0008490,guest,2025-12-06 00:57:58,netbanking,10778.76,7,4,4.325,3576.41,fashion,"{""beauty"": 1, ""fashion"": 6}"
o0000667,s0008520,u001858,2025-11-08 21:15:10,card,3152.54,1,1,4.9,1338.0,fashion,"{""fashion"": 1}"
o0000668,s0008538,u000114,2025-10-28 14:19:24,upi,7094.32,3,1,4.3,3492.16,books,"{""books"": 3}"
o0000669,s0008544,u000784,2025-12-19 01:21:03,upi,8092.77,5,2,4.55,3475.49,fashion,"{""books"": 2, ""fashion"": 3}"
o0000670,s0008552,u000041,2025-11-06 12:43:35,cod,7521.55,6,2,4.15,2879.080000000001,books,"{""books"": 3, ""home"": 3}"
o0000671,s0008560,u001424,2025-12-09 10:39:30,upi,12162.01,5,2,4.2,4748.400000000001,fashion,"{""beauty"": 2, ""fashion"": 3}"
o0000672,s0008583,u000481,2025-11-16 14:30:54,netbanking,4916.97,3,1,4.2,1488.21,fashion,"{""fashion"": 3}"
o0000673,s0008592,u000871,2025-12-30 09:41:32,wallet,1902.33,1,1,4.2,749.5899999999999,books,"{""books"": 1}"
o0000674,s0008604,guest,2025-11-14 13:26:05,upi,5335.71,4,2,3.8499999999999996,1202.1400000000003,fashion,"{""beauty"": 1, ""fashion"": 3}"
o0000675,s0008621,u000017,2025-11-09 03:06:16,upi,5743.68,4,2,4.3,2294.1600000000003,home,"{""books"": 3, ""home"": 1}"
o0000676,s0008637,u000217,2025-11-20 09:10:14,card,1656.65,2,1,4.6,565.21,fashion,"{""fashion"": 2}"
o0000677,s0008651,u000066,2025-12-14 09:32:12,card,18171.94,6,3,3.866666666666667,5981.379999999997,sports,"{""books"": 3, ""sports"": 3}"
o0000678,s0008659,u000628,2025-12-30 06:47:13,upi,5895.8,6,3,4.133333333333334,1640.21,electronics,"{""electronics"": 2, ""fashion"": 1, ""sports"": 3}"
o0000679,s0008669,u002027,2025-12-14 22:28:17,wallet,10772.51,9,4,3.675,4653.91,sports,"{""beauty"": 2, ""sports"": 7}"
o0000680,s0008681,guest,2025-11-28 17:19:42,cod,9138.8,8,4,3.8,3169.619999999999,books,"{""books"": 3, ""fashion"": 2, ""sports"": 3}"
o0000681,s0008683,u000354,2025-12-09 02:18:59,upi,2042.78,2,1,4.4,405.39999999999986,home,"{""home"": 2}"
o0000682,s0008709,u001207,2025-11-28 15:18:45,wallet,13283.47,8,4,4.1,5142.139999999999,books,"{""books"": 2, ""electronics"": 5, ""fashion"": 1}"
o0000683,s0008724,u000896,2025-11-14 10:07:24,wallet,12207.85,5,2,3.95,4225.58,sports,"{""home"": 3, ""sports"": 2}"
o0000684,s0008729,u000683,2025-10-24 03:21:55,card,5589.41,5,3,4.333333333333333,2221.2,electronics,"{""beauty"": 1, ""electronics"": 4}"
o0000685,s0008771,u000916,2025-12-02 09:40:14,upi,1469.77,1,1,4.1,258.85999999999996,home,"{""home"": 1}"
o0000686,s0008775,u001857,2025-10-29 07:31:15,wallet,2106.16,3,1,5.0,514.96,fashion,"{""fashion"": 3}"
o0000687,s0008792,u001674,2026-01-01 02:45:33,wallet,3411.05,4,4,3.975,1355.5,books,"{""beauty"": 1, ""books"": 1, ""fashion"": 1, ""home"": 1}"
o0000688,s0008810,u000633,2025-12-24 14:12:37,upi,6251.26,6,3,4.466666666666666,2375.8500000000004,books,"{""books"": 3, ""fashion"": 2, ""sports"": 1}"
o0000689,s0008812,u001347,2025-12-20 08:39:45,cod,6899.18,5,2,4.9,2253.710000000001,fashion,"{""fashion"": 2, ""sports"": 3}"
o0000690,s0008816,guest,2025-11-26 13:26:29,upi,12875.69,11,4,4.125,5475.620000000001,books,"{""beauty"": 3, ""books"": 5, ""electronics"": 3}"
o0000691,s0008828,u000053,2025-11-26 05:37:14,wallet,4816.43,5,3,4.133333333333333,1515.19,books,"{""books"": 2, ""fashion"": 1, ""home"": 2}"
o0000692,s0008832,u000179,2025-12-09 13:24:47,card,3384.29,1,1,3.9,1588.55,home,"{""home"": 1}"
o0000693,s0008833,guest,2025-11-26 13:44:27,upi,6648.75,7,3,3.9,2805.96,home,"{""electronics"": 3, ""home"": 2, ""sports"": 2}"
o0000694,s0008841,u001917,2026-01-07 14:18:11,upi,19970.042499999996,7,4,4.35,6582.292499999996,sports,"{""beauty"": 1, ""electronics"": 1, ""sports"": 5}"
o0000695,s0008863,guest,2026-01-04 21:17:59,cod,13379.01,9,4,4.225,5135.140000000001,home,"{""fashion"": 3, ""home"": 6}"
o0000696,s0008866,u000531,2025-11-18 21:41:08,upi,2195.94,2,1,4.2,613.9200000000001,beauty,"{""beauty"": 2}"
o0000697,s0008876,u001764,2026-01-02 10:36:36,upi,10030.12,7,3,4.1000000000000005,3412.050000000001,fashion,"{""fashion"": 4, ""home"": 3}"
o0000698,s0008893,u001650,2025-11-17 03:22:31,wallet,7863.57,9,3,4.166666666666667,2481.3599999999997,home,"{""books"": 3, ""electronics"": 3, ""home"": 3}"
o0000699,s0008908,guest,2026-01-12 10:43:03,card,9059.53,7,4,3.95,2931.9800000000005,beauty,"{""beauty"": 2, ""electronics"": 3, ""sports"": 2}"
o0000700,s0008913,u001561,2025-10-25 16:49:15,wallet,1799.56,1,1,4.6,441.45,beauty,"{""beauty"": 1}"
o0000701,s0008916,u000494,2026-01-17 09:39:46,upi,15610.7,5,3,4.033333333333333,7592.980000000001,books,"{""books"": 2, ""fashion"": 2, ""home"": 1}"
o0000702,s0008946,u000601,2025-12-12 21:02:03,wallet,9779.3,6,3,4.266666666666667,4179.24,electronics,"{""beauty"": 3, ""electronics"": 3}"
o0000703,s0008962,u001124,2026-01-08 20:03:10,card,9777.18,8,4,3.9749999999999996,4288.740000000001,home,"{""beauty"": 1, ""fashion"": 2, ""home"": 5}"
o0000704,s0008966,u002024,2025-11-22 13:36:37,cod,844.4,1,1,3.3,265.11999999999995,home,"{""home"": 1}"
o0000705,s0008969,u000828,2025-10-30 08:45:06,card,4552.05,4,2,3.9,1966.1600000000003,sports,"{""beauty"": 1, ""sports"": 3}"
o0000706,s0008978,u000505,2026-01-14 10:29:53,upi,13186.95,7,3,3.8666666666666667,6644.420000000001,books,"{""books"": 5, ""fashion"": 2}"
o0000707,s0008985,guest,2025-11-04 13:26:56,upi,3278.7,2,1,4.4,1383.9599999999998,sports,"{""sports"": 2}"
